file,line,type,commit,author,date,time,timezone,datetime,depth,length
style.css,1,css,482c9e2d,Ryan Lindberg,2025-04-16,21:32:37,-07:00,2025-04-16T21:32:37-07:00,0,14
style.css,2,css,482c9e2d,Ryan Lindberg,2025-04-16,21:32:37,-07:00,2025-04-16T21:32:37-07:00,0,0
style.css,3,css,754e0100,Ryan Lindberg,2025-04-09,21:18:40,-07:00,2025-04-09T21:18:40-07:00,0,6
style.css,4,css,754e0100,Ryan Lindberg,2025-04-09,21:18:40,-07:00,2025-04-09T21:18:40-07:00,0,34
style.css,5,css,482c9e2d,Ryan Lindberg,2025-04-16,21:32:37,-07:00,2025-04-16T21:32:37-07:00,0,25
style.css,6,css,482c9e2d,Ryan Lindberg,2025-04-16,21:32:37,-07:00,2025-04-16T21:32:37-07:00,0,19
style.css,7,css,615dfaf9,Ryan Lindberg,2025-04-16,21:46:14,-07:00,2025-04-16T21:46:14-07:00,0,17
style.css,8,css,615dfaf9,Ryan Lindberg,2025-04-16,21:46:14,-07:00,2025-04-16T21:46:14-07:00,0,19
style.css,9,css,615dfaf9,Ryan Lindberg,2025-04-16,21:46:14,-07:00,2025-04-16T21:46:14-07:00,0,37
style.css,10,css,754e0100,Ryan Lindberg,2025-04-09,21:18:40,-07:00,2025-04-09T21:18:40-07:00,0,33
style.css,11,css,482c9e2d,Ryan Lindberg,2025-04-16,21:32:37,-07:00,2025-04-16T21:32:37-07:00,0,0
style.css,12,css,17918184,Ryan Lindberg,2025-04-16,22:03:36,-07:00,2025-04-16T22:03:36-07:00,0,0
style.css,13,css,17918184,Ryan Lindberg,2025-04-16,22:03:36,-07:00,2025-04-16T22:03:36-07:00,0,23
style.css,14,css,482c9e2d,Ryan Lindberg,2025-04-16,21:32:37,-07:00,2025-04-16T21:32:37-07:00,0,25
style.css,15,css,482c9e2d,Ryan Lindberg,2025-04-16,21:32:37,-07:00,2025-04-16T21:32:37-07:00,0,39
style.css,16,css,17918184,Ryan Lindberg,2025-04-16,22:03:36,-07:00,2025-04-16T22:03:36-07:00,0,19
style.css,17,css,482c9e2d,Ryan Lindberg,2025-04-16,21:32:37,-07:00,2025-04-16T21:32:37-07:00,0,34
style.css,18,css,482c9e2d,Ryan Lindberg,2025-04-16,21:32:37,-07:00,2025-04-16T21:32:37-07:00,0,31
style.css,19,css,d1f569a5,Ryan Lindberg,2025-04-16,21:37:55,-07:00,2025-04-16T21:37:55-07:00,0,31
style.css,20,css,d1f569a5,Ryan Lindberg,2025-04-16,21:37:55,-07:00,2025-04-16T21:37:55-07:00,0,19
style.css,21,css,330bb74f,Ryan Lindberg,2025-04-24,23:47:55,-07:00,2025-04-24T23:47:55-07:00,0,41
style.css,22,css,329a9696,Ryan Lindberg,2025-04-28,21:55:18,-07:00,2025-04-28T21:55:18-07:00,0,0
style.css,23,css,482c9e2d,Ryan Lindberg,2025-04-16,21:32:37,-07:00,2025-04-16T21:32:37-07:00,0,0
style.css,24,css,482c9e2d,Ryan Lindberg,2025-04-16,21:32:37,-07:00,2025-04-16T21:32:37-07:00,0,0
style.css,25,css,d1f569a5,Ryan Lindberg,2025-04-16,21:37:55,-07:00,2025-04-16T21:37:55-07:00,0,24
style.css,26,css,482c9e2d,Ryan Lindberg,2025-04-16,21:32:37,-07:00,2025-04-16T21:32:37-07:00,0,26
style.css,27,css,329a9696,Ryan Lindberg,2025-04-28,21:55:18,-07:00,2025-04-28T21:55:18-07:00,0,60
style.css,28,css,482c9e2d,Ryan Lindberg,2025-04-16,21:32:37,-07:00,2025-04-16T21:32:37-07:00,0,34
style.css,29,css,482c9e2d,Ryan Lindberg,2025-04-16,21:32:37,-07:00,2025-04-16T21:32:37-07:00,0,37
style.css,30,css,6aed233f,Ryan Lindberg,2025-04-24,17:45:29,-07:00,2025-04-24T17:45:29-07:00,0,35
style.css,31,css,d1f569a5,Ryan Lindberg,2025-04-16,21:37:55,-07:00,2025-04-16T21:37:55-07:00,0,19
style.css,32,css,18588075,Ryan Lindberg,2025-04-24,16:55:12,-07:00,2025-04-24T16:55:12-07:00,0,34
style.css,33,css,754e0100,Ryan Lindberg,2025-04-09,21:18:40,-07:00,2025-04-09T21:18:40-07:00,0,0
style.css,34,css,754e0100,Ryan Lindberg,2025-04-09,21:18:40,-07:00,2025-04-09T21:18:40-07:00,0,0
style.css,35,css,1f07d88b,Ryan Lindberg,2025-04-16,20:11:13,-07:00,2025-04-16T20:11:13-07:00,0,19
style.css,36,css,1f07d88b,Ryan Lindberg,2025-04-16,20:11:13,-07:00,2025-04-16T20:11:13-07:00,0,18
style.css,37,css,1f07d88b,Ryan Lindberg,2025-04-16,20:11:13,-07:00,2025-04-16T20:11:13-07:00,0,9
style.css,38,css,1f07d88b,Ryan Lindberg,2025-04-16,20:11:13,-07:00,2025-04-16T20:11:13-07:00,0,11
style.css,39,css,1f07d88b,Ryan Lindberg,2025-04-16,20:11:13,-07:00,2025-04-16T20:11:13-07:00,0,14
style.css,40,css,1f07d88b,Ryan Lindberg,2025-04-16,20:11:13,-07:00,2025-04-16T20:11:13-07:00,0,20
style.css,41,css,1f07d88b,Ryan Lindberg,2025-04-16,20:11:13,-07:00,2025-04-16T20:11:13-07:00,0,0
style.css,42,css,1f07d88b,Ryan Lindberg,2025-04-16,20:11:13,-07:00,2025-04-16T20:11:13-07:00,0,0
style.css,43,css,c48eaab6,Ryan Lindberg,2025-04-02,16:54:27,-07:00,2025-04-02T16:54:27-07:00,0,5
style.css,44,css,93d2b749,Ryan Lindberg,2025-04-09,20:48:26,-07:00,2025-04-09T20:48:26-07:00,0,26
style.css,45,css,93d2b749,Ryan Lindberg,2025-04-09,20:48:26,-07:00,2025-04-09T20:48:26-07:00,0,14
style.css,46,css,90ca658e,Ryan Lindberg,2025-04-10,10:46:55,-07:00,2025-04-10T10:46:55-07:00,0,15
style.css,47,css,93d2b749,Ryan Lindberg,2025-04-09,20:48:26,-07:00,2025-04-09T20:48:26-07:00,0,19
style.css,48,css,93d2b749,Ryan Lindberg,2025-04-09,20:48:26,-07:00,2025-04-09T20:48:26-07:00,0,12
style.css,49,css,482c9e2d,Ryan Lindberg,2025-04-16,21:32:37,-07:00,2025-04-16T21:32:37-07:00,0,41
style.css,50,css,482c9e2d,Ryan Lindberg,2025-04-16,21:32:37,-07:00,2025-04-16T21:32:37-07:00,0,24
style.css,51,css,93d2b749,Ryan Lindberg,2025-04-09,20:48:26,-07:00,2025-04-09T20:48:26-07:00,0,0
style.css,52,css,93d2b749,Ryan Lindberg,2025-04-09,20:48:26,-07:00,2025-04-09T20:48:26-07:00,0,0
style.css,53,css,93d2b749,Ryan Lindberg,2025-04-09,20:48:26,-07:00,2025-04-09T20:48:26-07:00,0,4
style.css,54,css,93d2b749,Ryan Lindberg,2025-04-09,20:48:26,-07:00,2025-04-09T20:48:26-07:00,0,13
style.css,55,css,fe5947ad,Ryan Lindberg,2025-04-16,19:58:59,-07:00,2025-04-16T19:58:59-07:00,0,40
style.css,56,css,fe5947ad,Ryan Lindberg,2025-04-16,19:58:59,-07:00,2025-04-16T19:58:59-07:00,0,24
style.css,57,css,fe5947ad,Ryan Lindberg,2025-04-16,19:58:59,-07:00,2025-04-16T19:58:59-07:00,0,40
style.css,58,css,754e0100,Ryan Lindberg,2025-04-09,21:18:40,-07:00,2025-04-09T21:18:40-07:00,0,20
style.css,59,css,482c9e2d,Ryan Lindberg,2025-04-16,21:32:37,-07:00,2025-04-16T21:32:37-07:00,0,41
style.css,60,css,93d2b749,Ryan Lindberg,2025-04-09,20:48:26,-07:00,2025-04-09T20:48:26-07:00,0,0
style.css,61,css,93d2b749,Ryan Lindberg,2025-04-09,20:48:26,-07:00,2025-04-09T20:48:26-07:00,0,0
style.css,62,css,93d2b749,Ryan Lindberg,2025-04-09,20:48:26,-07:00,2025-04-09T20:48:26-07:00,0,6
style.css,63,css,93d2b749,Ryan Lindberg,2025-04-09,20:48:26,-07:00,2025-04-09T20:48:26-07:00,0,7
style.css,64,css,93d2b749,Ryan Lindberg,2025-04-09,20:48:26,-07:00,2025-04-09T20:48:26-07:00,0,18
style.css,65,css,93d2b749,Ryan Lindberg,2025-04-09,20:48:26,-07:00,2025-04-09T20:48:26-07:00,0,14
style.css,66,css,93d2b749,Ryan Lindberg,2025-04-09,20:48:26,-07:00,2025-04-09T20:48:26-07:00,0,21
style.css,67,css,93d2b749,Ryan Lindberg,2025-04-09,20:48:26,-07:00,2025-04-09T20:48:26-07:00,0,14
style.css,68,css,93d2b749,Ryan Lindberg,2025-04-09,20:48:26,-07:00,2025-04-09T20:48:26-07:00,0,0
style.css,69,css,93d2b749,Ryan Lindberg,2025-04-09,20:48:26,-07:00,2025-04-09T20:48:26-07:00,0,0
style.css,70,css,93d2b749,Ryan Lindberg,2025-04-09,20:48:26,-07:00,2025-04-09T20:48:26-07:00,0,14
style.css,71,css,93d2b749,Ryan Lindberg,2025-04-09,20:48:26,-07:00,2025-04-09T20:48:26-07:00,0,17
style.css,72,css,482c9e2d,Ryan Lindberg,2025-04-16,21:32:37,-07:00,2025-04-16T21:32:37-07:00,0,46
style.css,73,css,754e0100,Ryan Lindberg,2025-04-09,21:18:40,-07:00,2025-04-09T21:18:40-07:00,0,21
style.css,74,css,93d2b749,Ryan Lindberg,2025-04-09,20:48:26,-07:00,2025-04-09T20:48:26-07:00,0,0
style.css,75,css,754e0100,Ryan Lindberg,2025-04-09,21:18:40,-07:00,2025-04-09T21:18:40-07:00,0,0
style.css,76,css,754e0100,Ryan Lindberg,2025-04-09,21:18:40,-07:00,2025-04-09T21:18:40-07:00,0,12
style.css,77,css,754e0100,Ryan Lindberg,2025-04-09,21:18:40,-07:00,2025-04-09T21:18:40-07:00,0,46
style.css,78,css,754e0100,Ryan Lindberg,2025-04-09,21:18:40,-07:00,2025-04-09T21:18:40-07:00,0,21
style.css,79,css,482c9e2d,Ryan Lindberg,2025-04-16,21:32:37,-07:00,2025-04-16T21:32:37-07:00,0,33
style.css,80,css,e7852c5b,Ryan Lindberg,2025-04-09,21:39:14,-07:00,2025-04-09T21:39:14-07:00,0,0
style.css,81,css,e7852c5b,Ryan Lindberg,2025-04-09,21:39:14,-07:00,2025-04-09T21:39:14-07:00,0,0
style.css,82,css,fc600668,Ryan Lindberg,2025-04-09,21:44:54,-07:00,2025-04-09T21:44:54-07:00,0,5
style.css,83,css,fc600668,Ryan Lindberg,2025-04-09,21:44:54,-07:00,2025-04-09T21:44:54-07:00,0,13
style.css,84,css,fc600668,Ryan Lindberg,2025-04-09,21:44:54,-07:00,2025-04-09T21:44:54-07:00,0,31
style.css,85,css,fc600668,Ryan Lindberg,2025-04-09,21:44:54,-07:00,2025-04-09T21:44:54-07:00,0,8
style.css,86,css,e7852c5b,Ryan Lindberg,2025-04-09,21:39:14,-07:00,2025-04-09T21:39:14-07:00,0,0
style.css,87,css,e7852c5b,Ryan Lindberg,2025-04-09,21:39:14,-07:00,2025-04-09T21:39:14-07:00,0,0
style.css,88,css,329a9696,Ryan Lindberg,2025-04-28,21:55:18,-07:00,2025-04-28T21:55:18-07:00,0,5
style.css,89,css,329a9696,Ryan Lindberg,2025-04-28,21:55:18,-07:00,2025-04-28T21:55:18-07:00,0,8
style.css,90,css,329a9696,Ryan Lindberg,2025-04-28,21:55:18,-07:00,2025-04-28T21:55:18-07:00,0,6
style.css,91,css,329a9696,Ryan Lindberg,2025-04-28,21:55:18,-07:00,2025-04-28T21:55:18-07:00,0,7
style.css,92,css,d1f569a5,Ryan Lindberg,2025-04-16,21:37:55,-07:00,2025-04-16T21:37:55-07:00,0,40
style.css,93,css,d1f569a5,Ryan Lindberg,2025-04-16,21:37:55,-07:00,2025-04-16T21:37:55-07:00,0,31
style.css,94,css,d1f569a5,Ryan Lindberg,2025-04-16,21:37:55,-07:00,2025-04-16T21:37:55-07:00,0,20
style.css,95,css,d1f569a5,Ryan Lindberg,2025-04-16,21:37:55,-07:00,2025-04-16T21:37:55-07:00,0,22
style.css,96,css,d1f569a5,Ryan Lindberg,2025-04-16,21:37:55,-07:00,2025-04-16T21:37:55-07:00,0,20
style.css,97,css,d1f569a5,Ryan Lindberg,2025-04-16,21:37:55,-07:00,2025-04-16T21:37:55-07:00,0,14
style.css,98,css,d1f569a5,Ryan Lindberg,2025-04-16,21:37:55,-07:00,2025-04-16T21:37:55-07:00,0,0
style.css,99,css,d1f569a5,Ryan Lindberg,2025-04-16,21:37:55,-07:00,2025-04-16T21:37:55-07:00,0,0
style.css,100,css,fc600668,Ryan Lindberg,2025-04-09,21:44:54,-07:00,2025-04-09T21:44:54-07:00,0,6
style.css,101,css,fc600668,Ryan Lindberg,2025-04-09,21:44:54,-07:00,2025-04-09T21:44:54-07:00,0,13
style.css,102,css,fc600668,Ryan Lindberg,2025-04-09,21:44:54,-07:00,2025-04-09T21:44:54-07:00,0,30
style.css,103,css,fc600668,Ryan Lindberg,2025-04-09,21:44:54,-07:00,2025-04-09T21:44:54-07:00,0,19
style.css,104,css,e7852c5b,Ryan Lindberg,2025-04-09,21:39:14,-07:00,2025-04-09T21:39:14-07:00,0,0
style.css,105,css,e7852c5b,Ryan Lindberg,2025-04-09,21:39:14,-07:00,2025-04-09T21:39:14-07:00,0,0
style.css,106,css,fc600668,Ryan Lindberg,2025-04-09,21:44:54,-07:00,2025-04-09T21:44:54-07:00,0,7
style.css,107,css,fc600668,Ryan Lindberg,2025-04-09,21:44:54,-07:00,2025-04-09T21:44:54-07:00,0,19
style.css,108,css,4f623214,Ryan Lindberg,2025-04-10,10:35:27,-07:00,2025-04-10T10:35:27-07:00,0,0
style.css,109,css,4f623214,Ryan Lindberg,2025-04-10,10:35:27,-07:00,2025-04-10T10:35:27-07:00,0,0
style.css,110,css,4f623214,Ryan Lindberg,2025-04-10,10:35:27,-07:00,2025-04-10T10:35:27-07:00,0,10
style.css,111,css,4f623214,Ryan Lindberg,2025-04-10,10:35:27,-07:00,2025-04-10T10:35:27-07:00,0,13
style.css,112,css,4f623214,Ryan Lindberg,2025-04-10,10:35:27,-07:00,2025-04-10T10:35:27-07:00,0,59
style.css,113,css,e5ff86c2,Ryan Lindberg,2025-04-24,21:05:33,-07:00,2025-04-24T21:05:33-07:00,0,8
style.css,114,css,4f623214,Ryan Lindberg,2025-04-10,10:35:27,-07:00,2025-04-10T10:35:27-07:00,0,0
style.css,115,css,4f623214,Ryan Lindberg,2025-04-10,10:35:27,-07:00,2025-04-10T10:35:27-07:00,0,0
style.css,116,css,4f623214,Ryan Lindberg,2025-04-10,10:35:27,-07:00,2025-04-10T10:35:27-07:00,0,8
style.css,117,css,4f623214,Ryan Lindberg,2025-04-10,10:35:27,-07:00,2025-04-10T10:35:27-07:00,0,13
style.css,118,css,4f623214,Ryan Lindberg,2025-04-10,10:35:27,-07:00,2025-04-10T10:35:27-07:00,0,27
style.css,119,css,4f623214,Ryan Lindberg,2025-04-10,10:35:27,-07:00,2025-04-10T10:35:27-07:00,0,16
style.css,120,css,4f623214,Ryan Lindberg,2025-04-10,10:35:27,-07:00,2025-04-10T10:35:27-07:00,0,0
style.css,121,css,4f623214,Ryan Lindberg,2025-04-10,10:35:27,-07:00,2025-04-10T10:35:27-07:00,0,0
style.css,122,css,4f623214,Ryan Lindberg,2025-04-10,10:35:27,-07:00,2025-04-10T10:35:27-07:00,0,11
style.css,123,css,4f623214,Ryan Lindberg,2025-04-10,10:35:27,-07:00,2025-04-10T10:35:27-07:00,0,9
style.css,124,css,fff3462b,Ryan Lindberg,2025-04-10,10:39:44,-07:00,2025-04-10T10:39:44-07:00,0,0
style.css,125,css,fff3462b,Ryan Lindberg,2025-04-10,10:39:44,-07:00,2025-04-10T10:39:44-07:00,0,0
style.css,126,css,fff3462b,Ryan Lindberg,2025-04-10,10:39:44,-07:00,2025-04-10T10:39:44-07:00,0,3
style.css,127,css,fff3462b,Ryan Lindberg,2025-04-10,10:39:44,-07:00,2025-04-10T10:39:44-07:00,0,15
style.css,128,css,fff3462b,Ryan Lindberg,2025-04-10,10:39:44,-07:00,2025-04-10T10:39:44-07:00,0,0
style.css,129,css,fff3462b,Ryan Lindberg,2025-04-10,10:39:44,-07:00,2025-04-10T10:39:44-07:00,0,0
style.css,130,css,329a9696,Ryan Lindberg,2025-04-28,21:55:18,-07:00,2025-04-28T21:55:18-07:00,0,2
style.css,131,css,329a9696,Ryan Lindberg,2025-04-28,21:55:18,-07:00,2025-04-28T21:55:18-07:00,0,2
style.css,132,css,329a9696,Ryan Lindberg,2025-04-28,21:55:18,-07:00,2025-04-28T21:55:18-07:00,0,2
style.css,133,css,329a9696,Ryan Lindberg,2025-04-28,21:55:18,-07:00,2025-04-28T21:55:18-07:00,0,2
style.css,134,css,329a9696,Ryan Lindberg,2025-04-28,21:55:18,-07:00,2025-04-28T21:55:18-07:00,0,2
style.css,135,css,329a9696,Ryan Lindberg,2025-04-28,21:55:18,-07:00,2025-04-28T21:55:18-07:00,0,3
style.css,136,css,fff3462b,Ryan Lindberg,2025-04-10,10:39:44,-07:00,2025-04-10T10:39:44-07:00,0,16
style.css,137,css,fff3462b,Ryan Lindberg,2025-04-10,10:39:44,-07:00,2025-04-10T10:39:44-07:00,0,18
style.css,138,css,fff3462b,Ryan Lindberg,2025-04-10,10:39:44,-07:00,2025-04-10T10:39:44-07:00,0,0
style.css,139,css,90ca658e,Ryan Lindberg,2025-04-10,10:46:55,-07:00,2025-04-10T10:46:55-07:00,0,0
style.css,140,css,ad8b8582,Ryan Lindberg,2025-04-10,10:55:50,-07:00,2025-04-10T10:55:50-07:00,0,11
style.css,141,css,90ca658e,Ryan Lindberg,2025-04-10,10:46:55,-07:00,2025-04-10T10:46:55-07:00,0,15
style.css,142,css,90ca658e,Ryan Lindberg,2025-04-10,10:46:55,-07:00,2025-04-10T10:46:55-07:00,0,17
style.css,143,css,90ca658e,Ryan Lindberg,2025-04-10,10:46:55,-07:00,2025-04-10T10:46:55-07:00,0,0
style.css,144,css,90ca658e,Ryan Lindberg,2025-04-10,10:46:55,-07:00,2025-04-10T10:46:55-07:00,0,0
style.css,145,css,90ca658e,Ryan Lindberg,2025-04-10,10:46:55,-07:00,2025-04-10T10:46:55-07:00,0,3
style.css,146,css,90ca658e,Ryan Lindberg,2025-04-10,10:46:55,-07:00,2025-04-10T10:46:55-07:00,0,15
style.css,147,css,90ca658e,Ryan Lindberg,2025-04-10,10:46:55,-07:00,2025-04-10T10:46:55-07:00,0,0
style.css,148,css,90ca658e,Ryan Lindberg,2025-04-10,10:46:55,-07:00,2025-04-10T10:46:55-07:00,0,0
style.css,149,css,90ca658e,Ryan Lindberg,2025-04-10,10:46:55,-07:00,2025-04-10T10:46:55-07:00,0,3
style.css,150,css,90ca658e,Ryan Lindberg,2025-04-10,10:46:55,-07:00,2025-04-10T10:46:55-07:00,0,20
style.css,151,css,90ca658e,Ryan Lindberg,2025-04-10,10:46:55,-07:00,2025-04-10T10:46:55-07:00,0,25
style.css,152,css,90ca658e,Ryan Lindberg,2025-04-10,10:46:55,-07:00,2025-04-10T10:46:55-07:00,0,0
style.css,153,css,90ca658e,Ryan Lindberg,2025-04-10,10:46:55,-07:00,2025-04-10T10:46:55-07:00,0,0
style.css,154,css,90ca658e,Ryan Lindberg,2025-04-10,10:46:55,-07:00,2025-04-10T10:46:55-07:00,0,6
style.css,155,css,90ca658e,Ryan Lindberg,2025-04-10,10:46:55,-07:00,2025-04-10T10:46:55-07:00,0,20
style.css,156,css,90ca658e,Ryan Lindberg,2025-04-10,10:46:55,-07:00,2025-04-10T10:46:55-07:00,0,0
style.css,157,css,90ca658e,Ryan Lindberg,2025-04-10,10:46:55,-07:00,2025-04-10T10:46:55-07:00,0,0
style.css,158,css,fbd5e090,Ryan Lindberg,2025-04-10,11:14:43,-07:00,2025-04-10T11:14:43-07:00,0,19
style.css,159,css,90ca658e,Ryan Lindberg,2025-04-10,10:46:55,-07:00,2025-04-10T10:46:55-07:00,0,21
style.css,160,css,90ca658e,Ryan Lindberg,2025-04-10,10:46:55,-07:00,2025-04-10T10:46:55-07:00,0,26
style.css,161,css,d6e39156,Ryan Lindberg,2025-04-10,11:19:46,-07:00,2025-04-10T11:19:46-07:00,0,21
style.css,162,css,90ca658e,Ryan Lindberg,2025-04-10,10:46:55,-07:00,2025-04-10T10:46:55-07:00,0,0
style.css,163,css,90ca658e,Ryan Lindberg,2025-04-10,10:46:55,-07:00,2025-04-10T10:46:55-07:00,0,0
style.css,164,css,9648297c,Ryan Lindberg,2025-04-10,11:16:54,-07:00,2025-04-10T11:16:54-07:00,0,10
style.css,165,css,9648297c,Ryan Lindberg,2025-04-10,11:16:54,-07:00,2025-04-10T11:16:54-07:00,0,37
style.css,166,css,9648297c,Ryan Lindberg,2025-04-10,11:16:54,-07:00,2025-04-10T11:16:54-07:00,0,22
style.css,167,css,d6e39156,Ryan Lindberg,2025-04-10,11:19:46,-07:00,2025-04-10T11:19:46-07:00,0,21
style.css,168,css,fbd5e090,Ryan Lindberg,2025-04-10,11:14:43,-07:00,2025-04-10T11:14:43-07:00,0,0
style.css,169,css,fbd5e090,Ryan Lindberg,2025-04-10,11:14:43,-07:00,2025-04-10T11:14:43-07:00,0,0
style.css,170,css,90ca658e,Ryan Lindberg,2025-04-10,10:46:55,-07:00,2025-04-10T10:46:55-07:00,0,7
style.css,171,css,90ca658e,Ryan Lindberg,2025-04-10,10:46:55,-07:00,2025-04-10T10:46:55-07:00,0,16
style.css,172,css,1f07d88b,Ryan Lindberg,2025-04-16,20:11:13,-07:00,2025-04-16T20:11:13-07:00,0,0
style.css,173,css,b058d76c,Ryan Lindberg,2025-04-24,16:30:14,-07:00,2025-04-24T16:30:14-07:00,0,0
style.css,174,css,b058d76c,Ryan Lindberg,2025-04-24,16:30:14,-07:00,2025-04-24T16:30:14-07:00,0,0
style.css,175,css,b058d76c,Ryan Lindberg,2025-04-24,16:30:14,-07:00,2025-04-24T16:30:14-07:00,0,29
style.css,176,css,b058d76c,Ryan Lindberg,2025-04-24,16:30:14,-07:00,2025-04-24T16:30:14-07:00,0,0
style.css,177,css,b058d76c,Ryan Lindberg,2025-04-24,16:30:14,-07:00,2025-04-24T16:30:14-07:00,0,15
style.css,178,css,b058d76c,Ryan Lindberg,2025-04-24,16:30:14,-07:00,2025-04-24T16:30:14-07:00,0,16
style.css,179,css,b058d76c,Ryan Lindberg,2025-04-24,16:30:14,-07:00,2025-04-24T16:30:14-07:00,0,13
style.css,180,css,18588075,Ryan Lindberg,2025-04-24,16:55:12,-07:00,2025-04-24T16:55:12-07:00,0,41
style.css,181,css,b058d76c,Ryan Lindberg,2025-04-24,16:30:14,-07:00,2025-04-24T16:30:14-07:00,0,18
style.css,182,css,18588075,Ryan Lindberg,2025-04-24,16:55:12,-07:00,2025-04-24T16:55:12-07:00,0,41
style.css,183,css,b058d76c,Ryan Lindberg,2025-04-24,16:30:14,-07:00,2025-04-24T16:30:14-07:00,0,16
style.css,184,css,b058d76c,Ryan Lindberg,2025-04-24,16:30:14,-07:00,2025-04-24T16:30:14-07:00,0,0
style.css,185,css,b058d76c,Ryan Lindberg,2025-04-24,16:30:14,-07:00,2025-04-24T16:30:14-07:00,0,0
style.css,186,css,b058d76c,Ryan Lindberg,2025-04-24,16:30:14,-07:00,2025-04-24T16:30:14-07:00,0,12
style.css,187,css,b058d76c,Ryan Lindberg,2025-04-24,16:30:14,-07:00,2025-04-24T16:30:14-07:00,0,13
style.css,188,css,b058d76c,Ryan Lindberg,2025-04-24,16:30:14,-07:00,2025-04-24T16:30:14-07:00,0,37
style.css,189,css,b058d76c,Ryan Lindberg,2025-04-24,16:30:14,-07:00,2025-04-24T16:30:14-07:00,0,15
style.css,190,css,b058d76c,Ryan Lindberg,2025-04-24,16:30:14,-07:00,2025-04-24T16:30:14-07:00,0,16
style.css,191,css,b058d76c,Ryan Lindberg,2025-04-24,16:30:14,-07:00,2025-04-24T16:30:14-07:00,0,18
style.css,192,css,b058d76c,Ryan Lindberg,2025-04-24,16:30:14,-07:00,2025-04-24T16:30:14-07:00,0,0
style.css,193,css,b058d76c,Ryan Lindberg,2025-04-24,16:30:14,-07:00,2025-04-24T16:30:14-07:00,0,0
style.css,194,css,b058d76c,Ryan Lindberg,2025-04-24,16:30:14,-07:00,2025-04-24T16:30:14-07:00,0,15
style.css,195,css,b058d76c,Ryan Lindberg,2025-04-24,16:30:14,-07:00,2025-04-24T16:30:14-07:00,0,17
style.css,196,css,18588075,Ryan Lindberg,2025-04-24,16:55:12,-07:00,2025-04-24T16:55:12-07:00,0,24
style.css,197,css,b058d76c,Ryan Lindberg,2025-04-24,16:30:14,-07:00,2025-04-24T16:30:14-07:00,0,11
style.css,198,css,b058d76c,Ryan Lindberg,2025-04-24,16:30:14,-07:00,2025-04-24T16:30:14-07:00,0,0
style.css,199,css,b058d76c,Ryan Lindberg,2025-04-24,16:30:14,-07:00,2025-04-24T16:30:14-07:00,0,0
style.css,200,css,b058d76c,Ryan Lindberg,2025-04-24,16:30:14,-07:00,2025-04-24T16:30:14-07:00,0,15
style.css,201,css,b058d76c,Ryan Lindberg,2025-04-24,16:30:14,-07:00,2025-04-24T16:30:14-07:00,0,9
style.css,202,css,b058d76c,Ryan Lindberg,2025-04-24,16:30:14,-07:00,2025-04-24T16:30:14-07:00,0,11
style.css,203,css,b058d76c,Ryan Lindberg,2025-04-24,16:30:14,-07:00,2025-04-24T16:30:14-07:00,0,18
style.css,204,css,b058d76c,Ryan Lindberg,2025-04-24,16:30:14,-07:00,2025-04-24T16:30:14-07:00,0,16
style.css,205,css,18588075,Ryan Lindberg,2025-04-24,16:55:12,-07:00,2025-04-24T16:55:12-07:00,0,26
style.css,206,css,c95bf611,Ryan Lindberg,2025-04-24,19:52:34,-07:00,2025-04-24T19:52:34-07:00,0,0
style.css,207,css,c95bf611,Ryan Lindberg,2025-04-24,19:52:34,-07:00,2025-04-24T19:52:34-07:00,0,0
style.css,208,css,c95bf611,Ryan Lindberg,2025-04-24,19:52:34,-07:00,2025-04-24T19:52:34-07:00,0,19
style.css,209,css,c95bf611,Ryan Lindberg,2025-04-24,19:52:34,-07:00,2025-04-24T19:52:34-07:00,0,13
style.css,210,css,4830f4af,Ryan Lindberg,2025-04-24,21:27:32,-07:00,2025-04-24T21:27:32-07:00,0,12
style.css,211,css,4830f4af,Ryan Lindberg,2025-04-24,21:27:32,-07:00,2025-04-24T21:27:32-07:00,0,13
style.css,212,css,c95bf611,Ryan Lindberg,2025-04-24,19:52:34,-07:00,2025-04-24T19:52:34-07:00,0,17
style.css,213,css,c95bf611,Ryan Lindberg,2025-04-24,19:52:34,-07:00,2025-04-24T19:52:34-07:00,0,14
style.css,214,css,c95bf611,Ryan Lindberg,2025-04-24,19:52:34,-07:00,2025-04-24T19:52:34-07:00,0,14
style.css,215,css,c95bf611,Ryan Lindberg,2025-04-24,19:52:34,-07:00,2025-04-24T19:52:34-07:00,0,0
style.css,216,css,af7fdaeb,Ryan Lindberg,2025-04-28,19:39:36,-07:00,2025-04-28T19:39:36-07:00,0,0
style.css,217,css,af7fdaeb,Ryan Lindberg,2025-04-28,19:39:36,-07:00,2025-04-28T19:39:36-07:00,0,25
style.css,218,css,af7fdaeb,Ryan Lindberg,2025-04-28,19:39:36,-07:00,2025-04-28T19:39:36-07:00,0,0
style.css,219,css,af7fdaeb,Ryan Lindberg,2025-04-28,19:39:36,-07:00,2025-04-28T19:39:36-07:00,0,19
style.css,220,css,b99e045d,Ryan Lindberg,2025-04-30,21:06:46,-07:00,2025-04-30T21:06:46-07:00,0,17
style.css,221,css,af7fdaeb,Ryan Lindberg,2025-04-28,19:39:36,-07:00,2025-04-28T19:39:36-07:00,0,17
style.css,222,css,af7fdaeb,Ryan Lindberg,2025-04-28,19:39:36,-07:00,2025-04-28T19:39:36-07:00,0,17
style.css,223,css,af7fdaeb,Ryan Lindberg,2025-04-28,19:39:36,-07:00,2025-04-28T19:39:36-07:00,0,0
style.css,224,css,88330efb,Ryan Lindberg,2025-04-28,20:20:05,-07:00,2025-04-28T20:20:05-07:00,0,0
style.css,225,css,11e5b5e5,Ryan Lindberg,2025-04-28,22:54:50,-07:00,2025-04-28T22:54:50-07:00,0,30
style.css,226,css,11e5b5e5,Ryan Lindberg,2025-04-28,22:54:50,-07:00,2025-04-28T22:54:50-07:00,0,18
style.css,227,css,11e5b5e5,Ryan Lindberg,2025-04-28,22:54:50,-07:00,2025-04-28T22:54:50-07:00,0,17
style.css,228,css,11e5b5e5,Ryan Lindberg,2025-04-28,22:54:50,-07:00,2025-04-28T22:54:50-07:00,0,12
style.css,229,css,11e5b5e5,Ryan Lindberg,2025-04-28,22:54:50,-07:00,2025-04-28T22:54:50-07:00,0,0
style.css,230,css,11e5b5e5,Ryan Lindberg,2025-04-28,22:54:50,-07:00,2025-04-28T22:54:50-07:00,0,0
style.css,231,css,11e5b5e5,Ryan Lindberg,2025-04-28,22:54:50,-07:00,2025-04-28T22:54:50-07:00,0,0
style.css,232,css,11e5b5e5,Ryan Lindberg,2025-04-28,22:54:50,-07:00,2025-04-28T22:54:50-07:00,0,5
style.css,233,css,11e5b5e5,Ryan Lindberg,2025-04-28,22:54:50,-07:00,2025-04-28T22:54:50-07:00,0,17
style.css,234,css,11e5b5e5,Ryan Lindberg,2025-04-28,22:54:50,-07:00,2025-04-28T22:54:50-07:00,0,15
style.css,235,css,11e5b5e5,Ryan Lindberg,2025-04-28,22:54:50,-07:00,2025-04-28T22:54:50-07:00,0,0
style.css,236,css,11e5b5e5,Ryan Lindberg,2025-04-28,22:54:50,-07:00,2025-04-28T22:54:50-07:00,0,0
style.css,237,css,11e5b5e5,Ryan Lindberg,2025-04-28,22:54:50,-07:00,2025-04-28T22:54:50-07:00,0,10
style.css,238,css,11e5b5e5,Ryan Lindberg,2025-04-28,22:54:50,-07:00,2025-04-28T22:54:50-07:00,0,38
style.css,239,css,11e5b5e5,Ryan Lindberg,2025-04-28,22:54:50,-07:00,2025-04-28T22:54:50-07:00,0,0
style.css,240,css,11e5b5e5,Ryan Lindberg,2025-04-28,22:54:50,-07:00,2025-04-28T22:54:50-07:00,0,11
style.css,241,css,11e5b5e5,Ryan Lindberg,2025-04-28,22:54:50,-07:00,2025-04-28T22:54:50-07:00,0,18
style.css,242,css,11e5b5e5,Ryan Lindberg,2025-04-28,22:54:50,-07:00,2025-04-28T22:54:50-07:00,0,0
style.css,243,css,11e5b5e5,Ryan Lindberg,2025-04-28,22:54:50,-07:00,2025-04-28T22:54:50-07:00,0,0
style.css,244,css,11e5b5e5,Ryan Lindberg,2025-04-28,22:54:50,-07:00,2025-04-28T22:54:50-07:00,0,0
style.css,245,css,11e5b5e5,Ryan Lindberg,2025-04-28,22:54:50,-07:00,2025-04-28T22:54:50-07:00,0,22
style.css,246,css,11e5b5e5,Ryan Lindberg,2025-04-28,22:54:50,-07:00,2025-04-28T22:54:50-07:00,0,19
style.css,247,css,11e5b5e5,Ryan Lindberg,2025-04-28,22:54:50,-07:00,2025-04-28T22:54:50-07:00,0,20
style.css,248,css,11e5b5e5,Ryan Lindberg,2025-04-28,22:54:50,-07:00,2025-04-28T22:54:50-07:00,0,20
style.css,249,css,11e5b5e5,Ryan Lindberg,2025-04-28,22:54:50,-07:00,2025-04-28T22:54:50-07:00,0,0
style.css,250,css,11e5b5e5,Ryan Lindberg,2025-04-28,22:54:50,-07:00,2025-04-28T22:54:50-07:00,0,0
style.css,251,css,11e5b5e5,Ryan Lindberg,2025-04-28,22:54:50,-07:00,2025-04-28T22:54:50-07:00,0,3
style.css,252,css,11e5b5e5,Ryan Lindberg,2025-04-28,22:54:50,-07:00,2025-04-28T22:54:50-07:00,0,0
style.css,253,css,88330efb,Ryan Lindberg,2025-04-28,20:20:05,-07:00,2025-04-28T20:20:05-07:00,0,8
style.css,254,css,88330efb,Ryan Lindberg,2025-04-28,20:20:05,-07:00,2025-04-28T20:20:05-07:00,0,13
style.css,255,css,88330efb,Ryan Lindberg,2025-04-28,20:20:05,-07:00,2025-04-28T20:20:05-07:00,0,8
style.css,256,css,88330efb,Ryan Lindberg,2025-04-28,20:20:05,-07:00,2025-04-28T20:20:05-07:00,0,58
style.css,257,css,88330efb,Ryan Lindberg,2025-04-28,20:20:05,-07:00,2025-04-28T20:20:05-07:00,0,16
style.css,258,css,453d3533,Ryan Lindberg,2025-04-28,20:57:07,-07:00,2025-04-28T20:57:07-07:00,0,40
style.css,259,css,453d3533,Ryan Lindberg,2025-04-28,20:57:07,-07:00,2025-04-28T20:57:07-07:00,0,20
style.css,260,css,b99e045d,Ryan Lindberg,2025-04-30,21:06:46,-07:00,2025-04-30T21:06:46-07:00,0,15
style.css,261,css,453d3533,Ryan Lindberg,2025-04-28,20:57:07,-07:00,2025-04-28T20:57:07-07:00,0,11
style.css,262,css,fc68e2ab,Ryan Lindberg,2025-04-28,20:30:04,-07:00,2025-04-28T20:30:04-07:00,0,7
style.css,263,css,88330efb,Ryan Lindberg,2025-04-28,20:20:05,-07:00,2025-04-28T20:20:05-07:00,0,0
style.css,264,css,88330efb,Ryan Lindberg,2025-04-28,20:20:05,-07:00,2025-04-28T20:20:05-07:00,0,0
style.css,265,css,88330efb,Ryan Lindberg,2025-04-28,20:20:05,-07:00,2025-04-28T20:20:05-07:00,0,13
style.css,266,css,88330efb,Ryan Lindberg,2025-04-28,20:20:05,-07:00,2025-04-28T20:20:05-07:00,0,13
style.css,267,css,88330efb,Ryan Lindberg,2025-04-28,20:20:05,-07:00,2025-04-28T20:20:05-07:00,0,19
style.css,268,css,88330efb,Ryan Lindberg,2025-04-28,20:20:05,-07:00,2025-04-28T20:20:05-07:00,0,10
style.css,269,css,b99e045d,Ryan Lindberg,2025-04-30,21:06:46,-07:00,2025-04-30T21:06:46-07:00,0,23
style.css,270,css,88330efb,Ryan Lindberg,2025-04-28,20:20:05,-07:00,2025-04-28T20:20:05-07:00,0,0
style.css,271,css,88330efb,Ryan Lindberg,2025-04-28,20:20:05,-07:00,2025-04-28T20:20:05-07:00,0,0
style.css,272,css,88330efb,Ryan Lindberg,2025-04-28,20:20:05,-07:00,2025-04-28T20:20:05-07:00,0,8
style.css,273,css,88330efb,Ryan Lindberg,2025-04-28,20:20:05,-07:00,2025-04-28T20:20:05-07:00,0,10
style.css,274,css,329a9696,Ryan Lindberg,2025-04-28,21:55:18,-07:00,2025-04-28T21:55:18-07:00,0,19
style.css,275,css,329a9696,Ryan Lindberg,2025-04-28,21:55:18,-07:00,2025-04-28T21:55:18-07:00,0,19
style.css,276,css,88330efb,Ryan Lindberg,2025-04-28,20:20:05,-07:00,2025-04-28T20:20:05-07:00,0,30
style.css,277,css,329a9696,Ryan Lindberg,2025-04-28,21:55:18,-07:00,2025-04-28T21:55:18-07:00,0,20
style.css,278,css,329a9696,Ryan Lindberg,2025-04-28,21:55:18,-07:00,2025-04-28T21:55:18-07:00,0,42
style.css,279,css,88330efb,Ryan Lindberg,2025-04-28,20:20:05,-07:00,2025-04-28T20:20:05-07:00,0,21
style.css,280,css,88330efb,Ryan Lindberg,2025-04-28,20:20:05,-07:00,2025-04-28T20:20:05-07:00,0,0
style.css,281,css,fc68e2ab,Ryan Lindberg,2025-04-28,20:30:04,-07:00,2025-04-28T20:30:04-07:00,0,0
style.css,282,css,5fbe3831,Ryan Lindberg,2025-04-29,10:13:23,-07:00,2025-04-29T10:13:23-07:00,0,11
style.css,283,css,5fbe3831,Ryan Lindberg,2025-04-29,10:13:23,-07:00,2025-04-29T10:13:23-07:00,0,13
style.css,284,css,5fbe3831,Ryan Lindberg,2025-04-29,10:13:23,-07:00,2025-04-29T10:13:23-07:00,0,19
style.css,285,css,5fbe3831,Ryan Lindberg,2025-04-29,10:13:23,-07:00,2025-04-29T10:13:23-07:00,0,8
style.css,286,css,b99e045d,Ryan Lindberg,2025-04-30,21:06:46,-07:00,2025-04-30T21:06:46-07:00,0,23
style.css,287,css,5fbe3831,Ryan Lindberg,2025-04-29,10:13:23,-07:00,2025-04-29T10:13:23-07:00,0,0
style.css,288,css,5fbe3831,Ryan Lindberg,2025-04-29,10:13:23,-07:00,2025-04-29T10:13:23-07:00,0,0
style.css,289,css,f6d3cc3e,Ryan Lindberg,2025-04-29,00:21:02,-07:00,2025-04-29T00:21:02-07:00,0,11
style.css,290,css,b99e045d,Ryan Lindberg,2025-04-30,21:06:46,-07:00,2025-04-30T21:06:46-07:00,0,10
style.css,291,css,b99e045d,Ryan Lindberg,2025-04-30,21:06:46,-07:00,2025-04-30T21:06:46-07:00,0,18
style.css,292,css,b99e045d,Ryan Lindberg,2025-04-30,21:06:46,-07:00,2025-04-30T21:06:46-07:00,0,21
style.css,293,css,b99e045d,Ryan Lindberg,2025-04-30,21:06:46,-07:00,2025-04-30T21:06:46-07:00,0,15
style.css,294,css,b99e045d,Ryan Lindberg,2025-04-30,21:06:46,-07:00,2025-04-30T21:06:46-07:00,0,15
style.css,295,css,155ca30f,Ryan Lindberg,2025-04-30,21:14:15,-07:00,2025-04-30T21:14:15-07:00,0,0
index.js,1,js,b058d76c,Ryan Lindberg,2025-04-24,16:30:14,-07:00,2025-04-24T16:30:14-07:00,0,72
index.js,2,js,d2a5a19a,Ryan Lindberg,2025-04-24,16:07:57,-07:00,2025-04-24T16:07:57-07:00,0,0
index.js,3,js,b058d76c,Ryan Lindberg,2025-04-24,16:30:14,-07:00,2025-04-24T16:30:14-07:00,0,0
index.js,4,js,b058d76c,Ryan Lindberg,2025-04-24,16:30:14,-07:00,2025-04-24T16:30:14-07:00,0,24
index.js,5,js,d2a5a19a,Ryan Lindberg,2025-04-24,16:07:57,-07:00,2025-04-24T16:07:57-07:00,0,55
index.js,6,js,d2a5a19a,Ryan Lindberg,2025-04-24,16:07:57,-07:00,2025-04-24T16:07:57-07:00,0,43
index.js,7,js,d2a5a19a,Ryan Lindberg,2025-04-24,16:07:57,-07:00,2025-04-24T16:07:57-07:00,0,61
index.js,8,js,d2a5a19a,Ryan Lindberg,2025-04-24,16:07:57,-07:00,2025-04-24T16:07:57-07:00,0,0
index.js,9,js,d2a5a19a,Ryan Lindberg,2025-04-24,16:07:57,-07:00,2025-04-24T16:07:57-07:00,0,55
index.js,10,js,b058d76c,Ryan Lindberg,2025-04-24,16:30:14,-07:00,2025-04-24T16:30:14-07:00,0,0
index.js,11,js,b058d76c,Ryan Lindberg,2025-04-24,16:30:14,-07:00,2025-04-24T16:30:14-07:00,0,0
index.js,12,js,b058d76c,Ryan Lindberg,2025-04-24,16:30:14,-07:00,2025-04-24T16:30:14-07:00,0,22
index.js,13,js,b058d76c,Ryan Lindberg,2025-04-24,16:30:14,-07:00,2025-04-24T16:30:14-07:00,0,58
index.js,14,js,b058d76c,Ryan Lindberg,2025-04-24,16:30:14,-07:00,2025-04-24T16:30:14-07:00,0,61
index.js,15,js,b058d76c,Ryan Lindberg,2025-04-24,16:30:14,-07:00,2025-04-24T16:30:14-07:00,0,0
index.js,16,js,b058d76c,Ryan Lindberg,2025-04-24,16:30:14,-07:00,2025-04-24T16:30:14-07:00,0,18
index.js,17,js,329a9696,Ryan Lindberg,2025-04-28,21:55:18,-07:00,2025-04-28T21:55:18-07:00,0,25
index.js,18,js,b058d76c,Ryan Lindberg,2025-04-24,16:30:14,-07:00,2025-04-24T16:30:14-07:00,0,22
index.js,19,js,b058d76c,Ryan Lindberg,2025-04-24,16:30:14,-07:00,2025-04-24T16:30:14-07:00,0,56
index.js,20,js,b058d76c,Ryan Lindberg,2025-04-24,16:30:14,-07:00,2025-04-24T16:30:14-07:00,0,50
index.js,21,js,b058d76c,Ryan Lindberg,2025-04-24,16:30:14,-07:00,2025-04-24T16:30:14-07:00,0,50
index.js,22,js,b058d76c,Ryan Lindberg,2025-04-24,16:30:14,-07:00,2025-04-24T16:30:14-07:00,0,49
index.js,23,js,b058d76c,Ryan Lindberg,2025-04-24,16:30:14,-07:00,2025-04-24T16:30:14-07:00,0,4
index.js,24,js,b058d76c,Ryan Lindberg,2025-04-24,16:30:14,-07:00,2025-04-24T16:30:14-07:00,0,1
index.js,25,js,b058d76c,Ryan Lindberg,2025-04-24,16:30:14,-07:00,2025-04-24T16:30:14-07:00,0,0
index.html,1,html,24169512,Ryan Lindberg,2025-04-02,16:25:22,-07:00,2025-04-02T16:25:22-07:00,0,14
index.html,2,html,24169512,Ryan Lindberg,2025-04-02,16:25:22,-07:00,2025-04-02T16:25:22-07:00,0,15
index.html,3,html,329a9696,Ryan Lindberg,2025-04-28,21:55:18,-07:00,2025-04-28T21:55:18-07:00,0,0
index.html,4,html,24169512,Ryan Lindberg,2025-04-02,16:25:22,-07:00,2025-04-02T16:25:22-07:00,0,5
index.html,5,html,24169512,Ryan Lindberg,2025-04-02,16:25:22,-07:00,2025-04-02T16:25:22-07:00,0,21
index.html,6,html,24169512,Ryan Lindberg,2025-04-02,16:25:22,-07:00,2025-04-02T16:25:22-07:00,0,69
index.html,7,html,24169512,Ryan Lindberg,2025-04-02,16:25:22,-07:00,2025-04-02T16:25:22-07:00,0,56
index.html,8,html,5cc178da,Ryan Lindberg,2025-04-02,17:21:31,-07:00,2025-04-02T17:21:31-07:00,0,50
index.html,9,html,24169512,Ryan Lindberg,2025-04-02,16:25:22,-07:00,2025-04-02T16:25:22-07:00,0,6
index.html,10,html,24169512,Ryan Lindberg,2025-04-02,16:25:22,-07:00,2025-04-02T16:25:22-07:00,0,0
index.html,11,html,24169512,Ryan Lindberg,2025-04-02,16:25:22,-07:00,2025-04-02T16:25:22-07:00,0,5
index.html,12,html,cd80918f,Ryan Lindberg,2025-04-16,19:37:12,-07:00,2025-04-16T19:37:12-07:00,0,21
index.html,13,html,329a9696,Ryan Lindberg,2025-04-28,21:55:18,-07:00,2025-04-28T21:55:18-07:00,0,113
index.html,14,html,329a9696,Ryan Lindberg,2025-04-28,21:55:18,-07:00,2025-04-28T21:55:18-07:00,0,18
index.html,15,html,329a9696,Ryan Lindberg,2025-04-28,21:55:18,-07:00,2025-04-28T21:55:18-07:00,0,110
index.html,16,html,329a9696,Ryan Lindberg,2025-04-28,21:55:18,-07:00,2025-04-28T21:55:18-07:00,0,54
index.html,17,html,329a9696,Ryan Lindberg,2025-04-28,21:55:18,-07:00,2025-04-28T21:55:18-07:00,0,111
index.html,18,html,329a9696,Ryan Lindberg,2025-04-28,21:55:18,-07:00,2025-04-28T21:55:18-07:00,0,68
index.html,19,html,cd80918f,Ryan Lindberg,2025-04-16,19:37:12,-07:00,2025-04-16T19:37:12-07:00,0,101
index.html,20,html,cd80918f,Ryan Lindberg,2025-04-16,19:37:12,-07:00,2025-04-16T19:37:12-07:00,0,100
index.html,21,html,329a9696,Ryan Lindberg,2025-04-28,21:55:18,-07:00,2025-04-28T21:55:18-07:00,0,111
index.html,22,html,329a9696,Ryan Lindberg,2025-04-28,21:55:18,-07:00,2025-04-28T21:55:18-07:00,0,68
index.html,23,html,cd80918f,Ryan Lindberg,2025-04-16,19:37:12,-07:00,2025-04-16T19:37:12-07:00,0,68
index.html,24,html,329a9696,Ryan Lindberg,2025-04-28,21:55:18,-07:00,2025-04-28T21:55:18-07:00,0,28
index.html,25,html,329a9696,Ryan Lindberg,2025-04-28,21:55:18,-07:00,2025-04-28T21:55:18-07:00,0,135
index.html,26,html,329a9696,Ryan Lindberg,2025-04-28,21:55:18,-07:00,2025-04-28T21:55:18-07:00,0,51
index.html,27,html,d2a5a19a,Ryan Lindberg,2025-04-24,16:07:57,-07:00,2025-04-24T16:07:57-07:00,0,0
index.html,28,html,d2a5a19a,Ryan Lindberg,2025-04-24,16:07:57,-07:00,2025-04-24T16:07:57-07:00,0,23
index.html,29,html,d2a5a19a,Ryan Lindberg,2025-04-24,16:07:57,-07:00,2025-04-24T16:07:57-07:00,0,27
index.html,30,html,d2a5a19a,Ryan Lindberg,2025-04-24,16:07:57,-07:00,2025-04-24T16:07:57-07:00,0,0
index.html,31,html,b058d76c,Ryan Lindberg,2025-04-24,16:30:14,-07:00,2025-04-24T16:30:14-07:00,0,24
index.html,32,html,b058d76c,Ryan Lindberg,2025-04-24,16:30:14,-07:00,2025-04-24T16:30:14-07:00,0,29
index.html,33,html,b058d76c,Ryan Lindberg,2025-04-24,16:30:14,-07:00,2025-04-24T16:30:14-07:00,0,0
index.html,34,html,df664b1f,Ryan Lindberg,2025-04-16,12:49:40,-07:00,2025-04-16T12:49:40-07:00,0,46
index.html,35,html,d2a5a19a,Ryan Lindberg,2025-04-24,16:07:57,-07:00,2025-04-24T16:07:57-07:00,0,51
index.html,36,html,1d30113a,Ryan Lindberg,2025-04-28,23:13:18,-07:00,2025-04-28T23:13:18-07:00,0,6
index.html,37,html,329a9696,Ryan Lindberg,2025-04-28,21:55:18,-07:00,2025-04-28T21:55:18-07:00,0,0
index.html,38,html,24169512,Ryan Lindberg,2025-04-02,16:25:22,-07:00,2025-04-02T16:25:22-07:00,0,6
global.js,1,js,482c9e2d,Ryan Lindberg,2025-04-16,21:32:37,-07:00,2025-04-16T21:32:37-07:00,0,11
global.js,2,js,482c9e2d,Ryan Lindberg,2025-04-16,21:32:37,-07:00,2025-04-16T21:32:37-07:00,0,0
global.js,3,js,1d493997,Ryan Lindberg,2025-04-16,13:21:42,-07:00,2025-04-16T13:21:42-07:00,0,16
global.js,4,js,329a9696,Ryan Lindberg,2025-04-28,21:55:18,-07:00,2025-04-28T21:55:18-07:00,0,69
global.js,5,js,329a9696,Ryan Lindberg,2025-04-28,21:55:18,-07:00,2025-04-28T21:55:18-07:00,0,37
global.js,6,js,329a9696,Ryan Lindberg,2025-04-28,21:55:18,-07:00,2025-04-28T21:55:18-07:00,0,86
global.js,7,js,1d493997,Ryan Lindberg,2025-04-16,13:21:42,-07:00,2025-04-16T13:21:42-07:00,0,0
global.js,8,js,e3ff78de,Ryan Lindberg,2025-04-16,22:01:05,-07:00,2025-04-16T22:01:05-07:00,0,53
global.js,9,js,e3ff78de,Ryan Lindberg,2025-04-16,22:01:05,-07:00,2025-04-16T22:01:05-07:00,0,29
global.js,10,js,329a9696,Ryan Lindberg,2025-04-28,21:55:18,-07:00,2025-04-28T21:55:18-07:00,0,38
global.js,11,js,329a9696,Ryan Lindberg,2025-04-28,21:55:18,-07:00,2025-04-28T21:55:18-07:00,0,0
global.js,12,js,329a9696,Ryan Lindberg,2025-04-28,21:55:18,-07:00,2025-04-28T21:55:18-07:00,0,23
global.js,13,js,329a9696,Ryan Lindberg,2025-04-28,21:55:18,-07:00,2025-04-28T21:55:18-07:00,0,60
global.js,14,js,329a9696,Ryan Lindberg,2025-04-28,21:55:18,-07:00,2025-04-28T21:55:18-07:00,0,29
global.js,15,js,329a9696,Ryan Lindberg,2025-04-28,21:55:18,-07:00,2025-04-28T21:55:18-07:00,0,59
global.js,16,js,329a9696,Ryan Lindberg,2025-04-28,21:55:18,-07:00,2025-04-28T21:55:18-07:00,0,7
global.js,17,js,329a9696,Ryan Lindberg,2025-04-28,21:55:18,-07:00,2025-04-28T21:55:18-07:00,0,72
global.js,18,js,329a9696,Ryan Lindberg,2025-04-28,21:55:18,-07:00,2025-04-28T21:55:18-07:00,0,78
global.js,19,js,329a9696,Ryan Lindberg,2025-04-28,21:55:18,-07:00,2025-04-28T21:55:18-07:00,0,0
global.js,20,js,e3ff78de,Ryan Lindberg,2025-04-16,22:01:05,-07:00,2025-04-16T22:01:05-07:00,0,0
global.js,21,js,e3ff78de,Ryan Lindberg,2025-04-16,22:01:05,-07:00,2025-04-16T22:01:05-07:00,0,0
global.js,22,js,e3ff78de,Ryan Lindberg,2025-04-16,22:01:05,-07:00,2025-04-16T22:01:05-07:00,0,19
global.js,23,js,e3ff78de,Ryan Lindberg,2025-04-16,22:01:05,-07:00,2025-04-16T22:01:05-07:00,0,0
global.js,24,js,1d493997,Ryan Lindberg,2025-04-16,13:21:42,-07:00,2025-04-16T13:21:42-07:00,0,12
global.js,25,js,329a9696,Ryan Lindberg,2025-04-28,21:55:18,-07:00,2025-04-28T21:55:18-07:00,0,26
global.js,26,js,329a9696,Ryan Lindberg,2025-04-28,21:55:18,-07:00,2025-04-28T21:55:18-07:00,0,39
global.js,27,js,329a9696,Ryan Lindberg,2025-04-28,21:55:18,-07:00,2025-04-28T21:55:18-07:00,0,37
global.js,28,js,329a9696,Ryan Lindberg,2025-04-28,21:55:18,-07:00,2025-04-28T21:55:18-07:00,0,27
global.js,29,js,329a9696,Ryan Lindberg,2025-04-28,21:55:18,-07:00,2025-04-28T21:55:18-07:00,0,76
global.js,30,js,1d493997,Ryan Lindberg,2025-04-16,13:21:42,-07:00,2025-04-16T13:21:42-07:00,0,1
global.js,31,js,1d493997,Ryan Lindberg,2025-04-16,13:21:42,-07:00,2025-04-16T13:21:42-07:00,0,0
global.js,32,js,1d493997,Ryan Lindberg,2025-04-16,13:21:42,-07:00,2025-04-16T13:21:42-07:00,0,39
global.js,33,js,1d493997,Ryan Lindberg,2025-04-16,13:21:42,-07:00,2025-04-16T13:21:42-07:00,0,26
global.js,34,js,1d493997,Ryan Lindberg,2025-04-16,13:21:42,-07:00,2025-04-16T13:21:42-07:00,0,0
global.js,35,js,1d493997,Ryan Lindberg,2025-04-16,13:21:42,-07:00,2025-04-16T13:21:42-07:00,0,21
global.js,36,js,329a9696,Ryan Lindberg,2025-04-28,21:55:18,-07:00,2025-04-28T21:55:18-07:00,0,15
global.js,37,js,329a9696,Ryan Lindberg,2025-04-28,21:55:18,-07:00,2025-04-28T21:55:18-07:00,0,19
global.js,38,js,1d493997,Ryan Lindberg,2025-04-16,13:21:42,-07:00,2025-04-16T13:21:42-07:00,0,0
global.js,39,js,329a9696,Ryan Lindberg,2025-04-28,21:55:18,-07:00,2025-04-28T21:55:18-07:00,0,38
global.js,40,js,329a9696,Ryan Lindberg,2025-04-28,21:55:18,-07:00,2025-04-28T21:55:18-07:00,0,53
global.js,41,js,1d493997,Ryan Lindberg,2025-04-16,13:21:42,-07:00,2025-04-16T13:21:42-07:00,0,0
global.js,42,js,329a9696,Ryan Lindberg,2025-04-28,21:55:18,-07:00,2025-04-28T21:55:18-07:00,0,20
global.js,43,js,329a9696,Ryan Lindberg,2025-04-28,21:55:18,-07:00,2025-04-28T21:55:18-07:00,0,35
global.js,44,js,329a9696,Ryan Lindberg,2025-04-28,21:55:18,-07:00,2025-04-28T21:55:18-07:00,0,12
global.js,45,js,329a9696,Ryan Lindberg,2025-04-28,21:55:18,-07:00,2025-04-28T21:55:18-07:00,0,21
global.js,46,js,1d493997,Ryan Lindberg,2025-04-16,13:21:42,-07:00,2025-04-16T13:21:42-07:00,0,0
global.js,47,js,329a9696,Ryan Lindberg,2025-04-28,21:55:18,-07:00,2025-04-28T21:55:18-07:00,0,34
global.js,48,js,329a9696,Ryan Lindberg,2025-04-28,21:55:18,-07:00,2025-04-28T21:55:18-07:00,0,28
global.js,49,js,329a9696,Ryan Lindberg,2025-04-28,21:55:18,-07:00,2025-04-28T21:55:18-07:00,0,19
global.js,50,js,329a9696,Ryan Lindberg,2025-04-28,21:55:18,-07:00,2025-04-28T21:55:18-07:00,0,64
global.js,51,js,329a9696,Ryan Lindberg,2025-04-28,21:55:18,-07:00,2025-04-28T21:55:18-07:00,0,0
global.js,52,js,1d493997,Ryan Lindberg,2025-04-16,13:21:42,-07:00,2025-04-16T13:21:42-07:00,0,0
global.js,53,js,329a9696,Ryan Lindberg,2025-04-28,21:55:18,-07:00,2025-04-28T21:55:18-07:00,0,24
global.js,54,js,329a9696,Ryan Lindberg,2025-04-28,21:55:18,-07:00,2025-04-28T21:55:18-07:00,0,66
global.js,55,js,329a9696,Ryan Lindberg,2025-04-28,21:55:18,-07:00,2025-04-28T21:55:18-07:00,0,26
global.js,56,js,329a9696,Ryan Lindberg,2025-04-28,21:55:18,-07:00,2025-04-28T21:55:18-07:00,0,0
global.js,57,js,1d493997,Ryan Lindberg,2025-04-16,13:21:42,-07:00,2025-04-16T13:21:42-07:00,0,0
global.js,58,js,329a9696,Ryan Lindberg,2025-04-28,21:55:18,-07:00,2025-04-28T21:55:18-07:00,0,18
global.js,59,js,1d493997,Ryan Lindberg,2025-04-16,13:21:42,-07:00,2025-04-16T13:21:42-07:00,0,0
global.js,60,js,482c9e2d,Ryan Lindberg,2025-04-16,21:32:37,-07:00,2025-04-16T21:32:37-07:00,0,0
global.js,61,js,1f07d88b,Ryan Lindberg,2025-04-16,20:11:13,-07:00,2025-04-16T20:11:13-07:00,0,32
global.js,62,js,329a9696,Ryan Lindberg,2025-04-28,21:55:18,-07:00,2025-04-28T21:55:18-07:00,0,12
global.js,63,js,329a9696,Ryan Lindberg,2025-04-28,21:55:18,-07:00,2025-04-28T21:55:18-07:00,0,0
global.js,64,js,1f07d88b,Ryan Lindberg,2025-04-16,20:11:13,-07:00,2025-04-16T20:11:13-07:00,0,27
global.js,65,js,1f07d88b,Ryan Lindberg,2025-04-16,20:11:13,-07:00,2025-04-16T20:11:13-07:00,0,5
global.js,66,js,1f07d88b,Ryan Lindberg,2025-04-16,20:11:13,-07:00,2025-04-16T20:11:13-07:00,0,25
global.js,67,js,1f07d88b,Ryan Lindberg,2025-04-16,20:11:13,-07:00,2025-04-16T20:11:13-07:00,0,44
global.js,68,js,1f07d88b,Ryan Lindberg,2025-04-16,20:11:13,-07:00,2025-04-16T20:11:13-07:00,0,35
global.js,69,js,1f07d88b,Ryan Lindberg,2025-04-16,20:11:13,-07:00,2025-04-16T20:11:13-07:00,0,33
global.js,70,js,1f07d88b,Ryan Lindberg,2025-04-16,20:11:13,-07:00,2025-04-16T20:11:13-07:00,0,8
global.js,71,js,1f07d88b,Ryan Lindberg,2025-04-16,20:11:13,-07:00,2025-04-16T20:11:13-07:00,0,7
global.js,72,js,1f07d88b,Ryan Lindberg,2025-04-16,20:11:13,-07:00,2025-04-16T20:11:13-07:00,0,0
global.js,73,js,1f07d88b,Ryan Lindberg,2025-04-16,20:11:13,-07:00,2025-04-16T20:11:13-07:00,0,1
global.js,74,js,1f07d88b,Ryan Lindberg,2025-04-16,20:11:13,-07:00,2025-04-16T20:11:13-07:00,0,0
global.js,75,js,12dc163e,Ryan Lindberg,2025-04-16,20:19:18,-07:00,2025-04-16T20:19:18-07:00,0,21
global.js,76,js,1f07d88b,Ryan Lindberg,2025-04-16,20:11:13,-07:00,2025-04-16T20:11:13-07:00,0,54
global.js,77,js,1f07d88b,Ryan Lindberg,2025-04-16,20:11:13,-07:00,2025-04-16T20:11:13-07:00,0,0
global.js,78,js,12dc163e,Ryan Lindberg,2025-04-16,20:19:18,-07:00,2025-04-16T20:19:18-07:00,0,61
global.js,79,js,12dc163e,Ryan Lindberg,2025-04-16,20:19:18,-07:00,2025-04-16T20:19:18-07:00,0,35
global.js,80,js,329a9696,Ryan Lindberg,2025-04-28,21:55:18,-07:00,2025-04-28T21:55:18-07:00,0,44
global.js,81,js,329a9696,Ryan Lindberg,2025-04-28,21:55:18,-07:00,2025-04-28T21:55:18-07:00,0,26
global.js,82,js,329a9696,Ryan Lindberg,2025-04-28,21:55:18,-07:00,2025-04-28T21:55:18-07:00,0,0
global.js,83,js,329a9696,Ryan Lindberg,2025-04-28,21:55:18,-07:00,2025-04-28T21:55:18-07:00,0,34
global.js,84,js,329a9696,Ryan Lindberg,2025-04-28,21:55:18,-07:00,2025-04-28T21:55:18-07:00,0,72
global.js,85,js,329a9696,Ryan Lindberg,2025-04-28,21:55:18,-07:00,2025-04-28T21:55:18-07:00,0,78
global.js,86,js,329a9696,Ryan Lindberg,2025-04-28,21:55:18,-07:00,2025-04-28T21:55:18-07:00,0,7
global.js,87,js,329a9696,Ryan Lindberg,2025-04-28,21:55:18,-07:00,2025-04-28T21:55:18-07:00,0,64
global.js,88,js,329a9696,Ryan Lindberg,2025-04-28,21:55:18,-07:00,2025-04-28T21:55:18-07:00,0,0
global.js,89,js,e3ff78de,Ryan Lindberg,2025-04-16,22:01:05,-07:00,2025-04-16T22:01:05-07:00,0,0
global.js,90,js,12dc163e,Ryan Lindberg,2025-04-16,20:19:18,-07:00,2025-04-16T20:19:18-07:00,0,0
global.js,91,js,12dc163e,Ryan Lindberg,2025-04-16,20:19:18,-07:00,2025-04-16T20:19:18-07:00,0,40
global.js,92,js,1f07d88b,Ryan Lindberg,2025-04-16,20:11:13,-07:00,2025-04-16T20:11:13-07:00,0,50
global.js,93,js,329a9696,Ryan Lindberg,2025-04-28,21:55:18,-07:00,2025-04-28T21:55:18-07:00,0,31
global.js,94,js,329a9696,Ryan Lindberg,2025-04-28,21:55:18,-07:00,2025-04-28T21:55:18-07:00,0,44
global.js,95,js,329a9696,Ryan Lindberg,2025-04-28,21:55:18,-07:00,2025-04-28T21:55:18-07:00,0,31
global.js,96,js,329a9696,Ryan Lindberg,2025-04-28,21:55:18,-07:00,2025-04-28T21:55:18-07:00,0,0
global.js,97,js,329a9696,Ryan Lindberg,2025-04-28,21:55:18,-07:00,2025-04-28T21:55:18-07:00,0,27
global.js,98,js,329a9696,Ryan Lindberg,2025-04-28,21:55:18,-07:00,2025-04-28T21:55:18-07:00,0,46
global.js,99,js,329a9696,Ryan Lindberg,2025-04-28,21:55:18,-07:00,2025-04-28T21:55:18-07:00,0,72
global.js,100,js,329a9696,Ryan Lindberg,2025-04-28,21:55:18,-07:00,2025-04-28T21:55:18-07:00,0,78
global.js,101,js,329a9696,Ryan Lindberg,2025-04-28,21:55:18,-07:00,2025-04-28T21:55:18-07:00,0,7
global.js,102,js,329a9696,Ryan Lindberg,2025-04-28,21:55:18,-07:00,2025-04-28T21:55:18-07:00,0,23
global.js,103,js,329a9696,Ryan Lindberg,2025-04-28,21:55:18,-07:00,2025-04-28T21:55:18-07:00,0,57
global.js,104,js,329a9696,Ryan Lindberg,2025-04-28,21:55:18,-07:00,2025-04-28T21:55:18-07:00,0,0
global.js,105,js,cbedadb1,Ryan Lindberg,2025-04-16,20:55:27,-07:00,2025-04-16T20:55:27-07:00,0,2
global.js,106,js,cbedadb1,Ryan Lindberg,2025-04-16,20:55:27,-07:00,2025-04-16T20:55:27-07:00,0,0
global.js,107,js,cbedadb1,Ryan Lindberg,2025-04-16,20:55:27,-07:00,2025-04-16T20:55:27-07:00,0,28
global.js,108,js,329a9696,Ryan Lindberg,2025-04-28,21:55:18,-07:00,2025-04-28T21:55:18-07:00,0,43
global.js,109,js,329a9696,Ryan Lindberg,2025-04-28,21:55:18,-07:00,2025-04-28T21:55:18-07:00,0,17
global.js,110,js,482c9e2d,Ryan Lindberg,2025-04-16,21:32:37,-07:00,2025-04-16T21:32:37-07:00,0,0
global.js,111,js,329a9696,Ryan Lindberg,2025-04-28,21:55:18,-07:00,2025-04-28T21:55:18-07:00,0,43
global.js,112,js,329a9696,Ryan Lindberg,2025-04-28,21:55:18,-07:00,2025-04-28T21:55:18-07:00,0,22
global.js,113,js,482c9e2d,Ryan Lindberg,2025-04-16,21:32:37,-07:00,2025-04-16T21:32:37-07:00,0,0
global.js,114,js,329a9696,Ryan Lindberg,2025-04-28,21:55:18,-07:00,2025-04-28T21:55:18-07:00,0,31
global.js,115,js,329a9696,Ryan Lindberg,2025-04-28,21:55:18,-07:00,2025-04-28T21:55:18-07:00,0,17
global.js,116,js,482c9e2d,Ryan Lindberg,2025-04-16,21:32:37,-07:00,2025-04-16T21:32:37-07:00,0,0
global.js,117,js,329a9696,Ryan Lindberg,2025-04-28,21:55:18,-07:00,2025-04-28T21:55:18-07:00,0,32
global.js,118,js,329a9696,Ryan Lindberg,2025-04-28,21:55:18,-07:00,2025-04-28T21:55:18-07:00,0,51
global.js,119,js,329a9696,Ryan Lindberg,2025-04-28,21:55:18,-07:00,2025-04-28T21:55:18-07:00,0,0
global.js,120,js,482c9e2d,Ryan Lindberg,2025-04-16,21:32:37,-07:00,2025-04-16T21:32:37-07:00,0,0
global.js,121,js,329a9696,Ryan Lindberg,2025-04-28,21:55:18,-07:00,2025-04-28T21:55:18-07:00,0,48
global.js,122,js,329a9696,Ryan Lindberg,2025-04-28,21:55:18,-07:00,2025-04-28T21:55:18-07:00,0,19
global.js,123,js,329a9696,Ryan Lindberg,2025-04-28,21:55:18,-07:00,2025-04-28T21:55:18-07:00,0,2
global.js,124,js,482c9e2d,Ryan Lindberg,2025-04-16,21:32:37,-07:00,2025-04-16T21:32:37-07:00,0,0
global.js,125,js,482c9e2d,Ryan Lindberg,2025-04-16,21:32:37,-07:00,2025-04-16T21:32:37-07:00,0,0
global.js,126,js,e3ff78de,Ryan Lindberg,2025-04-16,22:01:05,-07:00,2025-04-16T22:01:05-07:00,0,18
global.js,127,js,e7987652,Ryan Lindberg,2025-04-23,20:17:19,-07:00,2025-04-23T20:17:19-07:00,0,0
global.js,128,js,e7987652,Ryan Lindberg,2025-04-23,20:17:19,-07:00,2025-04-23T20:17:19-07:00,0,15
global.js,129,js,e7987652,Ryan Lindberg,2025-04-23,20:17:19,-07:00,2025-04-23T20:17:19-07:00,0,0
global.js,130,js,e7987652,Ryan Lindberg,2025-04-23,20:17:19,-07:00,2025-04-23T20:17:19-07:00,0,28
global.js,131,js,e7987652,Ryan Lindberg,2025-04-23,20:17:19,-07:00,2025-04-23T20:17:19-07:00,0,37
global.js,132,js,329a9696,Ryan Lindberg,2025-04-28,21:55:18,-07:00,2025-04-28T21:55:18-07:00,0,4
global.js,133,js,329a9696,Ryan Lindberg,2025-04-28,21:55:18,-07:00,2025-04-28T21:55:18-07:00,0,33
global.js,134,js,329a9696,Ryan Lindberg,2025-04-28,21:55:18,-07:00,2025-04-28T21:55:18-07:00,0,18
global.js,135,js,329a9696,Ryan Lindberg,2025-04-28,21:55:18,-07:00,2025-04-28T21:55:18-07:00,0,67
global.js,136,js,329a9696,Ryan Lindberg,2025-04-28,21:55:18,-07:00,2025-04-28T21:55:18-07:00,0,0
global.js,137,js,329a9696,Ryan Lindberg,2025-04-28,21:55:18,-07:00,2025-04-28T21:55:18-07:00,0,34
global.js,138,js,329a9696,Ryan Lindberg,2025-04-28,21:55:18,-07:00,2025-04-28T21:55:18-07:00,0,11
global.js,139,js,329a9696,Ryan Lindberg,2025-04-28,21:55:18,-07:00,2025-04-28T21:55:18-07:00,0,16
global.js,140,js,329a9696,Ryan Lindberg,2025-04-28,21:55:18,-07:00,2025-04-28T21:55:18-07:00,0,60
global.js,141,js,e7987652,Ryan Lindberg,2025-04-23,20:17:19,-07:00,2025-04-23T20:17:19-07:00,0,0
global.js,142,js,a03ac619,Ryan Lindberg,2025-04-23,20:27:16,-07:00,2025-04-23T20:27:16-07:00,0,0
global.js,143,js,a03ac619,Ryan Lindberg,2025-04-23,20:27:16,-07:00,2025-04-23T20:27:16-07:00,0,0
global.js,144,js,a03ac619,Ryan Lindberg,2025-04-23,20:27:16,-07:00,2025-04-23T20:27:16-07:00,0,36
global.js,145,js,a03ac619,Ryan Lindberg,2025-04-23,20:27:16,-07:00,2025-04-23T20:27:16-07:00,0,80
global.js,146,js,329a9696,Ryan Lindberg,2025-04-28,21:55:18,-07:00,2025-04-28T21:55:18-07:00,0,30
global.js,147,js,329a9696,Ryan Lindberg,2025-04-28,21:55:18,-07:00,2025-04-28T21:55:18-07:00,0,42
global.js,148,js,329a9696,Ryan Lindberg,2025-04-28,21:55:18,-07:00,2025-04-28T21:55:18-07:00,0,6
global.js,149,js,329a9696,Ryan Lindberg,2025-04-28,21:55:18,-07:00,2025-04-28T21:55:18-07:00,0,0
global.js,150,js,329a9696,Ryan Lindberg,2025-04-28,21:55:18,-07:00,2025-04-28T21:55:18-07:00,0,0
global.js,151,js,329a9696,Ryan Lindberg,2025-04-28,21:55:18,-07:00,2025-04-28T21:55:18-07:00,0,44
global.js,152,js,329a9696,Ryan Lindberg,2025-04-28,21:55:18,-07:00,2025-04-28T21:55:18-07:00,0,42
global.js,153,js,329a9696,Ryan Lindberg,2025-04-28,21:55:18,-07:00,2025-04-28T21:55:18-07:00,0,6
global.js,154,js,e3be8343,Ryan Lindberg,2025-04-24,20:00:40,-07:00,2025-04-24T20:00:40-07:00,0,0
global.js,155,js,329a9696,Ryan Lindberg,2025-04-28,21:55:18,-07:00,2025-04-28T21:55:18-07:00,0,0
global.js,156,js,329a9696,Ryan Lindberg,2025-04-28,21:55:18,-07:00,2025-04-28T21:55:18-07:00,0,48
global.js,157,js,329a9696,Ryan Lindberg,2025-04-28,21:55:18,-07:00,2025-04-28T21:55:18-07:00,0,31
global.js,158,js,329a9696,Ryan Lindberg,2025-04-28,21:55:18,-07:00,2025-04-28T21:55:18-07:00,0,0
global.js,159,js,329a9696,Ryan Lindberg,2025-04-28,21:55:18,-07:00,2025-04-28T21:55:18-07:00,0,28
global.js,160,js,329a9696,Ryan Lindberg,2025-04-28,21:55:18,-07:00,2025-04-28T21:55:18-07:00,0,49
global.js,161,js,329a9696,Ryan Lindberg,2025-04-28,21:55:18,-07:00,2025-04-28T21:55:18-07:00,0,0
global.js,162,js,329a9696,Ryan Lindberg,2025-04-28,21:55:18,-07:00,2025-04-28T21:55:18-07:00,0,36
global.js,163,js,329a9696,Ryan Lindberg,2025-04-28,21:55:18,-07:00,2025-04-28T21:55:18-07:00,0,49
global.js,164,js,329a9696,Ryan Lindberg,2025-04-28,21:55:18,-07:00,2025-04-28T21:55:18-07:00,0,33
global.js,165,js,329a9696,Ryan Lindberg,2025-04-28,21:55:18,-07:00,2025-04-28T21:55:18-07:00,0,70
global.js,166,js,329a9696,Ryan Lindberg,2025-04-28,21:55:18,-07:00,2025-04-28T21:55:18-07:00,0,31
global.js,167,js,329a9696,Ryan Lindberg,2025-04-28,21:55:18,-07:00,2025-04-28T21:55:18-07:00,0,31
global.js,168,js,329a9696,Ryan Lindberg,2025-04-28,21:55:18,-07:00,2025-04-28T21:55:18-07:00,0,0
global.js,169,js,329a9696,Ryan Lindberg,2025-04-28,21:55:18,-07:00,2025-04-28T21:55:18-07:00,0,18
global.js,170,js,329a9696,Ryan Lindberg,2025-04-28,21:55:18,-07:00,2025-04-28T21:55:18-07:00,0,11
global.js,171,js,329a9696,Ryan Lindberg,2025-04-28,21:55:18,-07:00,2025-04-28T21:55:18-07:00,0,15
global.js,172,js,329a9696,Ryan Lindberg,2025-04-28,21:55:18,-07:00,2025-04-28T21:55:18-07:00,0,96
global.js,173,js,329a9696,Ryan Lindberg,2025-04-28,21:55:18,-07:00,2025-04-28T21:55:18-07:00,0,59
global.js,174,js,329a9696,Ryan Lindberg,2025-04-28,21:55:18,-07:00,2025-04-28T21:55:18-07:00,0,0
global.js,175,js,329a9696,Ryan Lindberg,2025-04-28,21:55:18,-07:00,2025-04-28T21:55:18-07:00,0,0
global.js,176,js,329a9696,Ryan Lindberg,2025-04-28,21:55:18,-07:00,2025-04-28T21:55:18-07:00,0,89
global.js,177,js,329a9696,Ryan Lindberg,2025-04-28,21:55:18,-07:00,2025-04-28T21:55:18-07:00,0,0
global.js,178,js,329a9696,Ryan Lindberg,2025-04-28,21:55:18,-07:00,2025-04-28T21:55:18-07:00,0,20
global.js,179,js,aa2e73c6,Ryan Lindberg,2025-04-24,20:37:47,-07:00,2025-04-24T20:37:47-07:00,0,42
global.js,180,js,aa2e73c6,Ryan Lindberg,2025-04-24,20:37:47,-07:00,2025-04-24T20:37:47-07:00,0,11
global.js,181,js,f586a60d,Ryan Lindberg,2025-04-24,20:55:16,-07:00,2025-04-24T20:55:16-07:00,0,10
global.js,182,js,aa2e73c6,Ryan Lindberg,2025-04-24,20:37:47,-07:00,2025-04-24T20:37:47-07:00,0,1
global.js,183,js,a03ac619,Ryan Lindberg,2025-04-23,20:27:16,-07:00,2025-04-23T20:27:16-07:00,0,0
global.js,184,js,329a9696,Ryan Lindberg,2025-04-28,21:55:18,-07:00,2025-04-28T21:55:18-07:00,0,37
global.js,185,js,329a9696,Ryan Lindberg,2025-04-28,21:55:18,-07:00,2025-04-28T21:55:18-07:00,0,2
global.js,186,js,a03ac619,Ryan Lindberg,2025-04-23,20:27:16,-07:00,2025-04-23T20:27:16-07:00,0,0
global.js,187,js,e7987652,Ryan Lindberg,2025-04-23,20:17:19,-07:00,2025-04-23T20:17:19-07:00,0,0
global.js,188,js,a03ac619,Ryan Lindberg,2025-04-23,20:27:16,-07:00,2025-04-23T20:27:16-07:00,0,0
global.js,189,js,b058d76c,Ryan Lindberg,2025-04-24,16:30:14,-07:00,2025-04-24T16:30:14-07:00,0,23
global.js,190,js,b058d76c,Ryan Lindberg,2025-04-24,16:30:14,-07:00,2025-04-24T16:30:14-07:00,0,48
global.js,191,js,b058d76c,Ryan Lindberg,2025-04-24,16:30:14,-07:00,2025-04-24T16:30:14-07:00,0,60
global.js,192,js,6aed233f,Ryan Lindberg,2025-04-24,17:45:29,-07:00,2025-04-24T17:45:29-07:00,0,0
global.js,193,js,b058d76c,Ryan Lindberg,2025-04-24,16:30:14,-07:00,2025-04-24T16:30:14-07:00,0,0
global.js,194,js,b058d76c,Ryan Lindberg,2025-04-24,16:30:14,-07:00,2025-04-24T16:30:14-07:00,0,0
global.js,195,js,b058d76c,Ryan Lindberg,2025-04-24,16:30:14,-07:00,2025-04-24T16:30:14-07:00,0,0
global.js,196,js,b058d76c,Ryan Lindberg,2025-04-24,16:30:14,-07:00,2025-04-24T16:30:14-07:00,0,0
global.js,197,js,a03ac619,Ryan Lindberg,2025-04-23,20:27:16,-07:00,2025-04-23T20:27:16-07:00,0,0
global.js,198,js,a03ac619,Ryan Lindberg,2025-04-23,20:27:16,-07:00,2025-04-23T20:27:16-07:00,0,0
global.js,199,js,329a9696,Ryan Lindberg,2025-04-28,21:55:18,-07:00,2025-04-28T21:55:18-07:00,0,0
projects/projects.js,1,js,e7987652,Ryan Lindberg,2025-04-23,20:17:19,-07:00,2025-04-23T20:17:19-07:00,0,56
projects/projects.js,2,js,0b594d32,Ryan Lindberg,2025-04-28,19:33:26,-07:00,2025-04-28T19:33:26-07:00,0,64
projects/projects.js,3,js,e7987652,Ryan Lindberg,2025-04-23,20:17:19,-07:00,2025-04-23T20:17:19-07:00,0,0
projects/projects.js,4,js,e7987652,Ryan Lindberg,2025-04-23,20:17:19,-07:00,2025-04-23T20:17:19-07:00,0,56
projects/projects.js,5,js,e7987652,Ryan Lindberg,2025-04-23,20:17:19,-07:00,2025-04-23T20:17:19-07:00,0,61
projects/projects.js,6,js,2214ef21,Ryan Lindberg,2025-04-28,21:39:52,-07:00,2025-04-28T21:39:52-07:00,0,56
projects/projects.js,7,js,6baf60d8,Ryan Lindberg,2025-04-23,21:59:58,-07:00,2025-04-23T21:59:58-07:00,0,62
projects/projects.js,8,js,e7987652,Ryan Lindberg,2025-04-23,20:17:19,-07:00,2025-04-23T20:17:19-07:00,0,70
projects/projects.js,9,js,e7987652,Ryan Lindberg,2025-04-23,20:17:19,-07:00,2025-04-23T20:17:19-07:00,0,45
projects/projects.js,10,js,e7987652,Ryan Lindberg,2025-04-23,20:17:19,-07:00,2025-04-23T20:17:19-07:00,0,0
projects/projects.js,11,js,9443fc9e,Ryan Lindberg,2025-04-23,22:04:47,-07:00,2025-04-23T22:04:47-07:00,0,18
projects/projects.js,12,js,2214ef21,Ryan Lindberg,2025-04-28,21:39:52,-07:00,2025-04-28T21:39:52-07:00,0,55
projects/projects.js,13,js,0b594d32,Ryan Lindberg,2025-04-28,19:33:26,-07:00,2025-04-28T19:33:26-07:00,0,0
projects/projects.js,14,js,0b594d32,Ryan Lindberg,2025-04-28,19:33:26,-07:00,2025-04-28T19:33:26-07:00,0,0
projects/projects.js,15,js,2214ef21,Ryan Lindberg,2025-04-28,21:39:52,-07:00,2025-04-28T21:39:52-07:00,0,14
projects/projects.js,16,js,9a2fcb41,Ryan Lindberg,2025-04-28,23:04:28,-07:00,2025-04-28T23:04:28-07:00,0,62
projects/projects.js,17,js,bacabadc,Ryan Lindberg,2025-04-30,21:25:56,-07:00,2025-04-30T21:25:56-07:00,0,71
projects/projects.js,18,js,5aefe64a,Ryan Lindberg,2025-04-28,20:55:23,-07:00,2025-04-28T20:55:23-07:00,0,0
projects/projects.js,19,js,bacabadc,Ryan Lindberg,2025-04-30,21:25:56,-07:00,2025-04-30T21:25:56-07:00,0,26
projects/projects.js,20,js,2214ef21,Ryan Lindberg,2025-04-28,21:39:52,-07:00,2025-04-28T21:39:52-07:00,0,36
projects/projects.js,21,js,b99e045d,Ryan Lindberg,2025-04-30,21:06:46,-07:00,2025-04-30T21:06:46-07:00,0,67
projects/projects.js,22,js,b99e045d,Ryan Lindberg,2025-04-30,21:06:46,-07:00,2025-04-30T21:06:46-07:00,0,62
projects/projects.js,23,js,b99e045d,Ryan Lindberg,2025-04-30,21:06:46,-07:00,2025-04-30T21:06:46-07:00,0,0
projects/projects.js,24,js,b99e045d,Ryan Lindberg,2025-04-30,21:06:46,-07:00,2025-04-30T21:06:46-07:00,0,26
projects/projects.js,25,js,b99e045d,Ryan Lindberg,2025-04-30,21:06:46,-07:00,2025-04-30T21:06:46-07:00,0,40
projects/projects.js,26,js,b99e045d,Ryan Lindberg,2025-04-30,21:06:46,-07:00,2025-04-30T21:06:46-07:00,0,7
projects/projects.js,27,js,bacabadc,Ryan Lindberg,2025-04-30,21:25:56,-07:00,2025-04-30T21:25:56-07:00,0,50
projects/projects.js,28,js,b99e045d,Ryan Lindberg,2025-04-30,21:06:46,-07:00,2025-04-30T21:06:46-07:00,0,48
projects/projects.js,29,js,b99e045d,Ryan Lindberg,2025-04-30,21:06:46,-07:00,2025-04-30T21:06:46-07:00,0,80
projects/projects.js,30,js,b99e045d,Ryan Lindberg,2025-04-30,21:06:46,-07:00,2025-04-30T21:06:46-07:00,0,0
projects/projects.js,31,js,2214ef21,Ryan Lindberg,2025-04-28,21:39:52,-07:00,2025-04-28T21:39:52-07:00,0,2
projects/projects.js,32,js,b99e045d,Ryan Lindberg,2025-04-30,21:06:46,-07:00,2025-04-30T21:06:46-07:00,0,0
projects/projects.js,33,js,b99e045d,Ryan Lindberg,2025-04-30,21:06:46,-07:00,2025-04-30T21:06:46-07:00,0,0
projects/projects.js,34,js,2214ef21,Ryan Lindberg,2025-04-28,21:39:52,-07:00,2025-04-28T21:39:52-07:00,0,0
projects/projects.js,35,js,2214ef21,Ryan Lindberg,2025-04-28,21:39:52,-07:00,2025-04-28T21:39:52-07:00,0,32
projects/projects.js,36,js,2214ef21,Ryan Lindberg,2025-04-28,21:39:52,-07:00,2025-04-28T21:39:52-07:00,0,39
projects/projects.js,37,js,88330efb,Ryan Lindberg,2025-04-28,20:20:05,-07:00,2025-04-28T20:20:05-07:00,0,0
projects/projects.js,38,js,2214ef21,Ryan Lindberg,2025-04-28,21:39:52,-07:00,2025-04-28T21:39:52-07:00,0,25
projects/projects.js,39,js,2214ef21,Ryan Lindberg,2025-04-28,21:39:52,-07:00,2025-04-28T21:39:52-07:00,0,27
projects/projects.js,40,js,2214ef21,Ryan Lindberg,2025-04-28,21:39:52,-07:00,2025-04-28T21:39:52-07:00,0,13
projects/projects.js,41,js,2214ef21,Ryan Lindberg,2025-04-28,21:39:52,-07:00,2025-04-28T21:39:52-07:00,0,15
projects/projects.js,42,js,2214ef21,Ryan Lindberg,2025-04-28,21:39:52,-07:00,2025-04-28T21:39:52-07:00,0,13
projects/projects.js,43,js,2214ef21,Ryan Lindberg,2025-04-28,21:39:52,-07:00,2025-04-28T21:39:52-07:00,0,1
projects/projects.js,44,js,0b594d32,Ryan Lindberg,2025-04-28,19:33:26,-07:00,2025-04-28T19:33:26-07:00,0,0
projects/projects.js,45,js,2214ef21,Ryan Lindberg,2025-04-28,21:39:52,-07:00,2025-04-28T21:39:52-07:00,0,46
projects/projects.js,46,js,2214ef21,Ryan Lindberg,2025-04-28,21:39:52,-07:00,2025-04-28T21:39:52-07:00,0,12
projects/projects.js,47,js,2214ef21,Ryan Lindberg,2025-04-28,21:39:52,-07:00,2025-04-28T21:39:52-07:00,0,11
projects/projects.js,48,js,2214ef21,Ryan Lindberg,2025-04-28,21:39:52,-07:00,2025-04-28T21:39:52-07:00,0,3
projects/projects.js,49,js,4e9be098,Ryan Lindberg,2025-04-28,19:38:51,-07:00,2025-04-28T19:38:51-07:00,0,0
projects/projects.js,50,js,bacabadc,Ryan Lindberg,2025-04-30,21:25:56,-07:00,2025-04-30T21:25:56-07:00,0,14
projects/projects.js,51,js,89e2a8f1,Ryan Lindberg,2025-04-30,21:48:00,-07:00,2025-04-30T21:48:00-07:00,0,48
projects/projects.js,52,js,bacabadc,Ryan Lindberg,2025-04-30,21:25:56,-07:00,2025-04-30T21:25:56-07:00,0,0
projects/projects.js,53,js,2214ef21,Ryan Lindberg,2025-04-28,21:39:52,-07:00,2025-04-28T21:39:52-07:00,0,29
projects/projects.js,54,js,2214ef21,Ryan Lindberg,2025-04-28,21:39:52,-07:00,2025-04-28T21:39:52-07:00,0,29
projects/projects.js,55,js,ea1e2ba8,Ryan Lindberg,2025-04-28,19:50:59,-07:00,2025-04-28T19:50:59-07:00,0,0
projects/projects.js,56,js,2214ef21,Ryan Lindberg,2025-04-28,21:39:52,-07:00,2025-04-28T21:39:52-07:00,0,58
projects/projects.js,57,js,2214ef21,Ryan Lindberg,2025-04-28,21:39:52,-07:00,2025-04-28T21:39:52-07:00,0,51
projects/projects.js,58,js,2214ef21,Ryan Lindberg,2025-04-28,21:39:52,-07:00,2025-04-28T21:39:52-07:00,0,34
projects/projects.js,59,js,2214ef21,Ryan Lindberg,2025-04-28,21:39:52,-07:00,2025-04-28T21:39:52-07:00,0,46
projects/projects.js,60,js,b99e045d,Ryan Lindberg,2025-04-30,21:06:46,-07:00,2025-04-30T21:06:46-07:00,0,102
projects/projects.js,61,js,2214ef21,Ryan Lindberg,2025-04-28,21:39:52,-07:00,2025-04-28T21:39:52-07:00,0,0
projects/projects.js,62,js,2214ef21,Ryan Lindberg,2025-04-28,21:39:52,-07:00,2025-04-28T21:39:52-07:00,0,22
projects/projects.js,63,js,2214ef21,Ryan Lindberg,2025-04-28,21:39:52,-07:00,2025-04-28T21:39:52-07:00,0,41
projects/projects.js,64,js,2214ef21,Ryan Lindberg,2025-04-28,21:39:52,-07:00,2025-04-28T21:39:52-07:00,0,30
projects/projects.js,65,js,2214ef21,Ryan Lindberg,2025-04-28,21:39:52,-07:00,2025-04-28T21:39:52-07:00,0,0
projects/projects.js,66,js,9a2fcb41,Ryan Lindberg,2025-04-28,23:04:28,-07:00,2025-04-28T23:04:28-07:00,0,25
projects/projects.js,67,js,9a2fcb41,Ryan Lindberg,2025-04-28,23:04:28,-07:00,2025-04-28T23:04:28-07:00,0,33
projects/projects.js,68,js,9a2fcb41,Ryan Lindberg,2025-04-28,23:04:28,-07:00,2025-04-28T23:04:28-07:00,0,31
projects/projects.js,69,js,11e5b5e5,Ryan Lindberg,2025-04-28,22:54:50,-07:00,2025-04-28T22:54:50-07:00,0,0
projects/projects.js,70,js,2214ef21,Ryan Lindberg,2025-04-28,21:39:52,-07:00,2025-04-28T21:39:52-07:00,0,27
projects/projects.js,71,js,2214ef21,Ryan Lindberg,2025-04-28,21:39:52,-07:00,2025-04-28T21:39:52-07:00,0,17
projects/projects.js,72,js,2214ef21,Ryan Lindberg,2025-04-28,21:39:52,-07:00,2025-04-28T21:39:52-07:00,0,14
projects/projects.js,73,js,11e5b5e5,Ryan Lindberg,2025-04-28,22:54:50,-07:00,2025-04-28T22:54:50-07:00,0,25
projects/projects.js,74,js,89e2a8f1,Ryan Lindberg,2025-04-30,21:48:00,-07:00,2025-04-30T21:48:00-07:00,0,92
projects/projects.js,75,js,11e5b5e5,Ryan Lindberg,2025-04-28,22:54:50,-07:00,2025-04-28T22:54:50-07:00,0,19
projects/projects.js,76,js,89e2a8f1,Ryan Lindberg,2025-04-30,21:48:00,-07:00,2025-04-30T21:48:00-07:00,0,35
projects/projects.js,77,js,89e2a8f1,Ryan Lindberg,2025-04-30,21:48:00,-07:00,2025-04-30T21:48:00-07:00,0,65
projects/projects.js,78,js,89e2a8f1,Ryan Lindberg,2025-04-30,21:48:00,-07:00,2025-04-30T21:48:00-07:00,0,82
projects/projects.js,79,js,89e2a8f1,Ryan Lindberg,2025-04-30,21:48:00,-07:00,2025-04-30T21:48:00-07:00,0,0
projects/projects.js,80,js,89e2a8f1,Ryan Lindberg,2025-04-30,21:48:00,-07:00,2025-04-30T21:48:00-07:00,0,31
projects/projects.js,81,js,89e2a8f1,Ryan Lindberg,2025-04-30,21:48:00,-07:00,2025-04-30T21:48:00-07:00,0,49
projects/projects.js,82,js,89e2a8f1,Ryan Lindberg,2025-04-30,21:48:00,-07:00,2025-04-30T21:48:00-07:00,0,53
projects/projects.js,83,js,89e2a8f1,Ryan Lindberg,2025-04-30,21:48:00,-07:00,2025-04-30T21:48:00-07:00,0,2
projects/projects.js,84,js,2214ef21,Ryan Lindberg,2025-04-28,21:39:52,-07:00,2025-04-28T21:39:52-07:00,0,2
projects/projects.js,85,js,2214ef21,Ryan Lindberg,2025-04-28,21:39:52,-07:00,2025-04-28T21:39:52-07:00,0,0
projects/projects.js,86,js,2214ef21,Ryan Lindberg,2025-04-28,21:39:52,-07:00,2025-04-28T21:39:52-07:00,0,17
projects/projects.js,87,js,2214ef21,Ryan Lindberg,2025-04-28,21:39:52,-07:00,2025-04-28T21:39:52-07:00,0,25
projects/projects.js,88,js,2214ef21,Ryan Lindberg,2025-04-28,21:39:52,-07:00,2025-04-28T21:39:52-07:00,0,18
projects/projects.js,89,js,2214ef21,Ryan Lindberg,2025-04-28,21:39:52,-07:00,2025-04-28T21:39:52-07:00,0,39
projects/projects.js,90,js,9a2fcb41,Ryan Lindberg,2025-04-28,23:04:28,-07:00,2025-04-28T23:04:28-07:00,0,77
projects/projects.js,91,js,2214ef21,Ryan Lindberg,2025-04-28,21:39:52,-07:00,2025-04-28T21:39:52-07:00,0,70
projects/projects.js,92,js,2214ef21,Ryan Lindberg,2025-04-28,21:39:52,-07:00,2025-04-28T21:39:52-07:00,0,2
projects/projects.js,93,js,2214ef21,Ryan Lindberg,2025-04-28,21:39:52,-07:00,2025-04-28T21:39:52-07:00,0,0
projects/projects.js,94,js,2214ef21,Ryan Lindberg,2025-04-28,21:39:52,-07:00,2025-04-28T21:39:52-07:00,0,0
projects/projects.js,95,js,2214ef21,Ryan Lindberg,2025-04-28,21:39:52,-07:00,2025-04-28T21:39:52-07:00,0,16
projects/projects.js,96,js,2214ef21,Ryan Lindberg,2025-04-28,21:39:52,-07:00,2025-04-28T21:39:52-07:00,0,49
projects/projects.js,97,js,2214ef21,Ryan Lindberg,2025-04-28,21:39:52,-07:00,2025-04-28T21:39:52-07:00,0,24
projects/projects.js,98,js,88330efb,Ryan Lindberg,2025-04-28,20:20:05,-07:00,2025-04-28T20:20:05-07:00,0,0
projects/projects.js,99,js,2214ef21,Ryan Lindberg,2025-04-28,21:39:52,-07:00,2025-04-28T21:39:52-07:00,0,16
projects/projects.js,100,js,2214ef21,Ryan Lindberg,2025-04-28,21:39:52,-07:00,2025-04-28T21:39:52-07:00,0,49
projects/projects.js,101,js,2214ef21,Ryan Lindberg,2025-04-28,21:39:52,-07:00,2025-04-28T21:39:52-07:00,0,26
projects/projects.js,102,js,b99e045d,Ryan Lindberg,2025-04-30,21:06:46,-07:00,2025-04-30T21:06:46-07:00,0,31
projects/projects.js,103,js,b99e045d,Ryan Lindberg,2025-04-30,21:06:46,-07:00,2025-04-30T21:06:46-07:00,0,49
projects/projects.js,104,js,89e2a8f1,Ryan Lindberg,2025-04-30,21:48:00,-07:00,2025-04-30T21:48:00-07:00,0,24
projects/projects.js,105,js,b99e045d,Ryan Lindberg,2025-04-30,21:06:46,-07:00,2025-04-30T21:06:46-07:00,0,2
projects/projects.js,106,js,b99e045d,Ryan Lindberg,2025-04-30,21:06:46,-07:00,2025-04-30T21:06:46-07:00,0,0
projects/index.html,1,html,c48eaab6,Ryan Lindberg,2025-04-02,16:54:27,-07:00,2025-04-02T16:54:27-07:00,0,14
projects/index.html,2,html,c48eaab6,Ryan Lindberg,2025-04-02,16:54:27,-07:00,2025-04-02T16:54:27-07:00,0,15
projects/index.html,3,html,329a9696,Ryan Lindberg,2025-04-28,21:55:18,-07:00,2025-04-28T21:55:18-07:00,0,0
projects/index.html,4,html,c48eaab6,Ryan Lindberg,2025-04-02,16:54:27,-07:00,2025-04-02T16:54:27-07:00,0,5
projects/index.html,5,html,c48eaab6,Ryan Lindberg,2025-04-02,16:54:27,-07:00,2025-04-02T16:54:27-07:00,0,21
projects/index.html,6,html,c48eaab6,Ryan Lindberg,2025-04-02,16:54:27,-07:00,2025-04-02T16:54:27-07:00,0,69
projects/index.html,7,html,c48eaab6,Ryan Lindberg,2025-04-02,16:54:27,-07:00,2025-04-02T16:54:27-07:00,0,22
projects/index.html,8,html,5cc178da,Ryan Lindberg,2025-04-02,17:21:31,-07:00,2025-04-02T17:21:31-07:00,0,50
projects/index.html,9,html,c48eaab6,Ryan Lindberg,2025-04-02,16:54:27,-07:00,2025-04-02T16:54:27-07:00,0,6
projects/index.html,10,html,5cc178da,Ryan Lindberg,2025-04-02,17:21:31,-07:00,2025-04-02T17:21:31-07:00,0,0
projects/index.html,11,html,c48eaab6,Ryan Lindberg,2025-04-02,16:54:27,-07:00,2025-04-02T16:54:27-07:00,0,5
projects/index.html,12,html,0b594d32,Ryan Lindberg,2025-04-28,19:33:26,-07:00,2025-04-28T19:33:26-07:00,0,0
projects/index.html,13,html,329a9696,Ryan Lindberg,2025-04-28,21:55:18,-07:00,2025-04-28T21:55:18-07:00,0,40
projects/index.html,14,html,2214ef21,Ryan Lindberg,2025-04-28,21:39:52,-07:00,2025-04-28T21:39:52-07:00,0,0
projects/index.html,15,html,1d30113a,Ryan Lindberg,2025-04-28,23:13:18,-07:00,2025-04-28T23:13:18-07:00,0,22
projects/index.html,16,html,1d30113a,Ryan Lindberg,2025-04-28,23:13:18,-07:00,2025-04-28T23:13:18-07:00,0,59
projects/index.html,17,html,1d30113a,Ryan Lindberg,2025-04-28,23:13:18,-07:00,2025-04-28T23:13:18-07:00,0,23
projects/index.html,18,html,1d30113a,Ryan Lindberg,2025-04-28,23:13:18,-07:00,2025-04-28T23:13:18-07:00,0,5
projects/index.html,19,html,1d30113a,Ryan Lindberg,2025-04-28,23:13:18,-07:00,2025-04-28T23:13:18-07:00,0,0
projects/index.html,20,html,1d30113a,Ryan Lindberg,2025-04-28,23:13:18,-07:00,2025-04-28T23:13:18-07:00,0,22
projects/index.html,21,html,1d30113a,Ryan Lindberg,2025-04-28,23:13:18,-07:00,2025-04-28T23:13:18-07:00,0,103
projects/index.html,22,html,1d30113a,Ryan Lindberg,2025-04-28,23:13:18,-07:00,2025-04-28T23:13:18-07:00,0,5
projects/index.html,23,html,11e5b5e5,Ryan Lindberg,2025-04-28,22:54:50,-07:00,2025-04-28T22:54:50-07:00,0,0
projects/index.html,24,html,1d30113a,Ryan Lindberg,2025-04-28,23:13:18,-07:00,2025-04-28T23:13:18-07:00,0,0
projects/index.html,25,html,1d30113a,Ryan Lindberg,2025-04-28,23:13:18,-07:00,2025-04-28T23:13:18-07:00,0,21
projects/index.html,26,html,2214ef21,Ryan Lindberg,2025-04-28,21:39:52,-07:00,2025-04-28T21:39:52-07:00,0,0
projects/index.html,27,html,4f623214,Ryan Lindberg,2025-04-10,10:35:27,-07:00,2025-04-10T10:35:27-07:00,0,8
projects/index.html,28,html,4f623214,Ryan Lindberg,2025-04-10,10:35:27,-07:00,2025-04-10T10:35:27-07:00,0,30
projects/index.html,29,html,4f623214,Ryan Lindberg,2025-04-10,10:35:27,-07:00,2025-04-10T10:35:27-07:00,0,71
projects/index.html,30,html,329a9696,Ryan Lindberg,2025-04-28,21:55:18,-07:00,2025-04-28T21:55:18-07:00,0,106
projects/index.html,31,html,329a9696,Ryan Lindberg,2025-04-28,21:55:18,-07:00,2025-04-28T21:55:18-07:00,0,97
projects/index.html,32,html,329a9696,Ryan Lindberg,2025-04-28,21:55:18,-07:00,2025-04-28T21:55:18-07:00,0,12
projects/index.html,33,html,4f623214,Ryan Lindberg,2025-04-10,10:35:27,-07:00,2025-04-10T10:35:27-07:00,0,9
projects/index.html,34,html,4f623214,Ryan Lindberg,2025-04-10,10:35:27,-07:00,2025-04-10T10:35:27-07:00,0,8
projects/index.html,35,html,4f623214,Ryan Lindberg,2025-04-10,10:35:27,-07:00,2025-04-10T10:35:27-07:00,0,45
projects/index.html,36,html,4f623214,Ryan Lindberg,2025-04-10,10:35:27,-07:00,2025-04-10T10:35:27-07:00,0,71
projects/index.html,37,html,329a9696,Ryan Lindberg,2025-04-28,21:55:18,-07:00,2025-04-28T21:55:18-07:00,0,104
projects/index.html,38,html,329a9696,Ryan Lindberg,2025-04-28,21:55:18,-07:00,2025-04-28T21:55:18-07:00,0,102
projects/index.html,39,html,329a9696,Ryan Lindberg,2025-04-28,21:55:18,-07:00,2025-04-28T21:55:18-07:00,0,34
projects/index.html,40,html,4f623214,Ryan Lindberg,2025-04-10,10:35:27,-07:00,2025-04-10T10:35:27-07:00,0,9
projects/index.html,41,html,4f623214,Ryan Lindberg,2025-04-10,10:35:27,-07:00,2025-04-10T10:35:27-07:00,0,8
projects/index.html,42,html,4f623214,Ryan Lindberg,2025-04-10,10:35:27,-07:00,2025-04-10T10:35:27-07:00,0,37
projects/index.html,43,html,4f623214,Ryan Lindberg,2025-04-10,10:35:27,-07:00,2025-04-10T10:35:27-07:00,0,71
projects/index.html,44,html,329a9696,Ryan Lindberg,2025-04-28,21:55:18,-07:00,2025-04-28T21:55:18-07:00,0,101
projects/index.html,45,html,329a9696,Ryan Lindberg,2025-04-28,21:55:18,-07:00,2025-04-28T21:55:18-07:00,0,101
projects/index.html,46,html,329a9696,Ryan Lindberg,2025-04-28,21:55:18,-07:00,2025-04-28T21:55:18-07:00,0,26
projects/index.html,47,html,4f623214,Ryan Lindberg,2025-04-10,10:35:27,-07:00,2025-04-10T10:35:27-07:00,0,9
projects/index.html,48,html,4f623214,Ryan Lindberg,2025-04-10,10:35:27,-07:00,2025-04-10T10:35:27-07:00,0,8
projects/index.html,49,html,4f623214,Ryan Lindberg,2025-04-10,10:35:27,-07:00,2025-04-10T10:35:27-07:00,0,39
projects/index.html,50,html,4f623214,Ryan Lindberg,2025-04-10,10:35:27,-07:00,2025-04-10T10:35:27-07:00,0,71
projects/index.html,51,html,329a9696,Ryan Lindberg,2025-04-28,21:55:18,-07:00,2025-04-28T21:55:18-07:00,0,107
projects/index.html,52,html,329a9696,Ryan Lindberg,2025-04-28,21:55:18,-07:00,2025-04-28T21:55:18-07:00,0,101
projects/index.html,53,html,329a9696,Ryan Lindberg,2025-04-28,21:55:18,-07:00,2025-04-28T21:55:18-07:00,0,32
projects/index.html,54,html,4f623214,Ryan Lindberg,2025-04-10,10:35:27,-07:00,2025-04-10T10:35:27-07:00,0,9
projects/index.html,55,html,4f623214,Ryan Lindberg,2025-04-10,10:35:27,-07:00,2025-04-10T10:35:27-07:00,0,8
projects/index.html,56,html,4f623214,Ryan Lindberg,2025-04-10,10:35:27,-07:00,2025-04-10T10:35:27-07:00,0,38
projects/index.html,57,html,4f623214,Ryan Lindberg,2025-04-10,10:35:27,-07:00,2025-04-10T10:35:27-07:00,0,71
projects/index.html,58,html,329a9696,Ryan Lindberg,2025-04-28,21:55:18,-07:00,2025-04-28T21:55:18-07:00,0,104
projects/index.html,59,html,329a9696,Ryan Lindberg,2025-04-28,21:55:18,-07:00,2025-04-28T21:55:18-07:00,0,97
projects/index.html,60,html,329a9696,Ryan Lindberg,2025-04-28,21:55:18,-07:00,2025-04-28T21:55:18-07:00,0,32
projects/index.html,61,html,4f623214,Ryan Lindberg,2025-04-10,10:35:27,-07:00,2025-04-10T10:35:27-07:00,0,9
projects/index.html,62,html,4f623214,Ryan Lindberg,2025-04-10,10:35:27,-07:00,2025-04-10T10:35:27-07:00,0,8
projects/index.html,63,html,4f623214,Ryan Lindberg,2025-04-10,10:35:27,-07:00,2025-04-10T10:35:27-07:00,0,39
projects/index.html,64,html,4f623214,Ryan Lindberg,2025-04-10,10:35:27,-07:00,2025-04-10T10:35:27-07:00,0,71
projects/index.html,65,html,329a9696,Ryan Lindberg,2025-04-28,21:55:18,-07:00,2025-04-28T21:55:18-07:00,0,102
projects/index.html,66,html,329a9696,Ryan Lindberg,2025-04-28,21:55:18,-07:00,2025-04-28T21:55:18-07:00,0,98
projects/index.html,67,html,329a9696,Ryan Lindberg,2025-04-28,21:55:18,-07:00,2025-04-28T21:55:18-07:00,0,17
projects/index.html,68,html,4f623214,Ryan Lindberg,2025-04-10,10:35:27,-07:00,2025-04-10T10:35:27-07:00,0,9
projects/index.html,69,html,4f623214,Ryan Lindberg,2025-04-10,10:35:27,-07:00,2025-04-10T10:35:27-07:00,0,8
projects/index.html,70,html,4f623214,Ryan Lindberg,2025-04-10,10:35:27,-07:00,2025-04-10T10:35:27-07:00,0,40
projects/index.html,71,html,4f623214,Ryan Lindberg,2025-04-10,10:35:27,-07:00,2025-04-10T10:35:27-07:00,0,71
projects/index.html,72,html,329a9696,Ryan Lindberg,2025-04-28,21:55:18,-07:00,2025-04-28T21:55:18-07:00,0,102
projects/index.html,73,html,329a9696,Ryan Lindberg,2025-04-28,21:55:18,-07:00,2025-04-28T21:55:18-07:00,0,97
projects/index.html,74,html,329a9696,Ryan Lindberg,2025-04-28,21:55:18,-07:00,2025-04-28T21:55:18-07:00,0,63
projects/index.html,75,html,4f623214,Ryan Lindberg,2025-04-10,10:35:27,-07:00,2025-04-10T10:35:27-07:00,0,9
projects/index.html,76,html,4f623214,Ryan Lindberg,2025-04-10,10:35:27,-07:00,2025-04-10T10:35:27-07:00,0,8
projects/index.html,77,html,4f623214,Ryan Lindberg,2025-04-10,10:35:27,-07:00,2025-04-10T10:35:27-07:00,0,43
projects/index.html,78,html,4f623214,Ryan Lindberg,2025-04-10,10:35:27,-07:00,2025-04-10T10:35:27-07:00,0,71
projects/index.html,79,html,329a9696,Ryan Lindberg,2025-04-28,21:55:18,-07:00,2025-04-28T21:55:18-07:00,0,103
projects/index.html,80,html,329a9696,Ryan Lindberg,2025-04-28,21:55:18,-07:00,2025-04-28T21:55:18-07:00,0,102
projects/index.html,81,html,329a9696,Ryan Lindberg,2025-04-28,21:55:18,-07:00,2025-04-28T21:55:18-07:00,0,3
projects/index.html,82,html,4f623214,Ryan Lindberg,2025-04-10,10:35:27,-07:00,2025-04-10T10:35:27-07:00,0,9
projects/index.html,83,html,4f623214,Ryan Lindberg,2025-04-10,10:35:27,-07:00,2025-04-10T10:35:27-07:00,0,8
projects/index.html,84,html,4f623214,Ryan Lindberg,2025-04-10,10:35:27,-07:00,2025-04-10T10:35:27-07:00,0,40
projects/index.html,85,html,4f623214,Ryan Lindberg,2025-04-10,10:35:27,-07:00,2025-04-10T10:35:27-07:00,0,71
projects/index.html,86,html,329a9696,Ryan Lindberg,2025-04-28,21:55:18,-07:00,2025-04-28T21:55:18-07:00,0,106
projects/index.html,87,html,329a9696,Ryan Lindberg,2025-04-28,21:55:18,-07:00,2025-04-28T21:55:18-07:00,0,97
projects/index.html,88,html,329a9696,Ryan Lindberg,2025-04-28,21:55:18,-07:00,2025-04-28T21:55:18-07:00,0,29
projects/index.html,89,html,4f623214,Ryan Lindberg,2025-04-10,10:35:27,-07:00,2025-04-10T10:35:27-07:00,0,9
projects/index.html,90,html,4f623214,Ryan Lindberg,2025-04-10,10:35:27,-07:00,2025-04-10T10:35:27-07:00,0,8
projects/index.html,91,html,4f623214,Ryan Lindberg,2025-04-10,10:35:27,-07:00,2025-04-10T10:35:27-07:00,0,31
projects/index.html,92,html,4f623214,Ryan Lindberg,2025-04-10,10:35:27,-07:00,2025-04-10T10:35:27-07:00,0,71
projects/index.html,93,html,329a9696,Ryan Lindberg,2025-04-28,21:55:18,-07:00,2025-04-28T21:55:18-07:00,0,106
projects/index.html,94,html,329a9696,Ryan Lindberg,2025-04-28,21:55:18,-07:00,2025-04-28T21:55:18-07:00,0,101
projects/index.html,95,html,329a9696,Ryan Lindberg,2025-04-28,21:55:18,-07:00,2025-04-28T21:55:18-07:00,0,3
projects/index.html,96,html,4f623214,Ryan Lindberg,2025-04-10,10:35:27,-07:00,2025-04-10T10:35:27-07:00,0,9
projects/index.html,97,html,4f623214,Ryan Lindberg,2025-04-10,10:35:27,-07:00,2025-04-10T10:35:27-07:00,0,8
projects/index.html,98,html,4f623214,Ryan Lindberg,2025-04-10,10:35:27,-07:00,2025-04-10T10:35:27-07:00,0,46
projects/index.html,99,html,4f623214,Ryan Lindberg,2025-04-10,10:35:27,-07:00,2025-04-10T10:35:27-07:00,0,71
projects/index.html,100,html,329a9696,Ryan Lindberg,2025-04-28,21:55:18,-07:00,2025-04-28T21:55:18-07:00,0,107
projects/index.html,101,html,329a9696,Ryan Lindberg,2025-04-28,21:55:18,-07:00,2025-04-28T21:55:18-07:00,0,100
projects/index.html,102,html,329a9696,Ryan Lindberg,2025-04-28,21:55:18,-07:00,2025-04-28T21:55:18-07:00,0,27
projects/index.html,103,html,4f623214,Ryan Lindberg,2025-04-10,10:35:27,-07:00,2025-04-10T10:35:27-07:00,0,9
projects/index.html,104,html,4f623214,Ryan Lindberg,2025-04-10,10:35:27,-07:00,2025-04-10T10:35:27-07:00,0,8
projects/index.html,105,html,4f623214,Ryan Lindberg,2025-04-10,10:35:27,-07:00,2025-04-10T10:35:27-07:00,0,36
projects/index.html,106,html,4f623214,Ryan Lindberg,2025-04-10,10:35:27,-07:00,2025-04-10T10:35:27-07:00,0,71
projects/index.html,107,html,329a9696,Ryan Lindberg,2025-04-28,21:55:18,-07:00,2025-04-28T21:55:18-07:00,0,101
projects/index.html,108,html,329a9696,Ryan Lindberg,2025-04-28,21:55:18,-07:00,2025-04-28T21:55:18-07:00,0,103
projects/index.html,109,html,329a9696,Ryan Lindberg,2025-04-28,21:55:18,-07:00,2025-04-28T21:55:18-07:00,0,14
projects/index.html,110,html,4f623214,Ryan Lindberg,2025-04-10,10:35:27,-07:00,2025-04-10T10:35:27-07:00,0,9
projects/index.html,111,html,4f623214,Ryan Lindberg,2025-04-10,10:35:27,-07:00,2025-04-10T10:35:27-07:00,0,5
projects/index.html,112,html,e7987652,Ryan Lindberg,2025-04-23,20:17:19,-07:00,2025-04-23T20:17:19-07:00,0,57
projects/index.html,113,html,e7987652,Ryan Lindberg,2025-04-23,20:17:19,-07:00,2025-04-23T20:17:19-07:00,0,50
projects/index.html,114,html,c48eaab6,Ryan Lindberg,2025-04-02,16:54:27,-07:00,2025-04-02T16:54:27-07:00,0,6
projects/index.html,115,html,329a9696,Ryan Lindberg,2025-04-28,21:55:18,-07:00,2025-04-28T21:55:18-07:00,0,0
projects/index.html,116,html,c48eaab6,Ryan Lindberg,2025-04-02,16:54:27,-07:00,2025-04-02T16:54:27-07:00,0,6
contact/index.html,1,html,c48eaab6,Ryan Lindberg,2025-04-02,16:54:27,-07:00,2025-04-02T16:54:27-07:00,0,14
contact/index.html,2,html,c48eaab6,Ryan Lindberg,2025-04-02,16:54:27,-07:00,2025-04-02T16:54:27-07:00,0,15
contact/index.html,3,html,329a9696,Ryan Lindberg,2025-04-28,21:55:18,-07:00,2025-04-28T21:55:18-07:00,0,0
contact/index.html,4,html,c48eaab6,Ryan Lindberg,2025-04-02,16:54:27,-07:00,2025-04-02T16:54:27-07:00,0,5
contact/index.html,5,html,c48eaab6,Ryan Lindberg,2025-04-02,16:54:27,-07:00,2025-04-02T16:54:27-07:00,0,21
contact/index.html,6,html,c48eaab6,Ryan Lindberg,2025-04-02,16:54:27,-07:00,2025-04-02T16:54:27-07:00,0,69
contact/index.html,7,html,c48eaab6,Ryan Lindberg,2025-04-02,16:54:27,-07:00,2025-04-02T16:54:27-07:00,0,21
contact/index.html,8,html,5cc178da,Ryan Lindberg,2025-04-02,17:21:31,-07:00,2025-04-02T17:21:31-07:00,0,50
contact/index.html,9,html,c48eaab6,Ryan Lindberg,2025-04-02,16:54:27,-07:00,2025-04-02T16:54:27-07:00,0,6
contact/index.html,10,html,5cc178da,Ryan Lindberg,2025-04-02,17:21:31,-07:00,2025-04-02T17:21:31-07:00,0,0
contact/index.html,11,html,c48eaab6,Ryan Lindberg,2025-04-02,16:54:27,-07:00,2025-04-02T16:54:27-07:00,0,5
contact/index.html,12,html,fc600668,Ryan Lindberg,2025-04-09,21:44:54,-07:00,2025-04-09T21:44:54-07:00,0,18
contact/index.html,13,html,c48eaab6,Ryan Lindberg,2025-04-02,16:54:27,-07:00,2025-04-02T16:54:27-07:00,0,0
contact/index.html,14,html,cbedadb1,Ryan Lindberg,2025-04-16,20:55:27,-07:00,2025-04-16T20:55:27-07:00,0,59
contact/index.html,15,html,c48eaab6,Ryan Lindberg,2025-04-02,16:54:27,-07:00,2025-04-02T16:54:27-07:00,0,6
contact/index.html,16,html,329a9696,Ryan Lindberg,2025-04-28,21:55:18,-07:00,2025-04-28T21:55:18-07:00,0,6
contact/index.html,17,html,329a9696,Ryan Lindberg,2025-04-28,21:55:18,-07:00,2025-04-28T21:55:18-07:00,0,30
contact/index.html,18,html,c48eaab6,Ryan Lindberg,2025-04-02,16:54:27,-07:00,2025-04-02T16:54:27-07:00,0,7
contact/index.html,19,html,c48eaab6,Ryan Lindberg,2025-04-02,16:54:27,-07:00,2025-04-02T16:54:27-07:00,0,3
contact/index.html,20,html,c48eaab6,Ryan Lindberg,2025-04-02,16:54:27,-07:00,2025-04-02T16:54:27-07:00,0,6
contact/index.html,21,html,329a9696,Ryan Lindberg,2025-04-28,21:55:18,-07:00,2025-04-28T21:55:18-07:00,0,3
contact/index.html,22,html,329a9696,Ryan Lindberg,2025-04-28,21:55:18,-07:00,2025-04-28T21:55:18-07:00,0,41
contact/index.html,23,html,c48eaab6,Ryan Lindberg,2025-04-02,16:54:27,-07:00,2025-04-02T16:54:27-07:00,0,7
contact/index.html,24,html,c48eaab6,Ryan Lindberg,2025-04-02,16:54:27,-07:00,2025-04-02T16:54:27-07:00,0,3
contact/index.html,25,html,fc600668,Ryan Lindberg,2025-04-09,21:44:54,-07:00,2025-04-09T21:44:54-07:00,0,20
contact/index.html,26,html,c48eaab6,Ryan Lindberg,2025-04-02,16:54:27,-07:00,2025-04-02T16:54:27-07:00,0,6
contact/index.html,27,html,60ac2922,Ryan Lindberg,2025-04-16,17:22:47,-07:00,2025-04-16T17:22:47-07:00,0,57
contact/index.html,28,html,c48eaab6,Ryan Lindberg,2025-04-02,16:54:27,-07:00,2025-04-02T16:54:27-07:00,0,6
contact/index.html,29,html,329a9696,Ryan Lindberg,2025-04-28,21:55:18,-07:00,2025-04-28T21:55:18-07:00,0,0
contact/index.html,30,html,c48eaab6,Ryan Lindberg,2025-04-02,16:54:27,-07:00,2025-04-02T16:54:27-07:00,0,6
CV/index.html,1,html,5cc178da,Ryan Lindberg,2025-04-02,17:21:31,-07:00,2025-04-02T17:21:31-07:00,0,14
CV/index.html,2,html,5cc178da,Ryan Lindberg,2025-04-02,17:21:31,-07:00,2025-04-02T17:21:31-07:00,0,15
CV/index.html,3,html,329a9696,Ryan Lindberg,2025-04-28,21:55:18,-07:00,2025-04-28T21:55:18-07:00,0,0
CV/index.html,4,html,5cc178da,Ryan Lindberg,2025-04-02,17:21:31,-07:00,2025-04-02T17:21:31-07:00,0,5
CV/index.html,5,html,5cc178da,Ryan Lindberg,2025-04-02,17:21:31,-07:00,2025-04-02T17:21:31-07:00,0,21
CV/index.html,6,html,5cc178da,Ryan Lindberg,2025-04-02,17:21:31,-07:00,2025-04-02T17:21:31-07:00,0,69
CV/index.html,7,html,60ac2922,Ryan Lindberg,2025-04-16,17:22:47,-07:00,2025-04-16T17:22:47-07:00,0,16
CV/index.html,8,html,5cc178da,Ryan Lindberg,2025-04-02,17:21:31,-07:00,2025-04-02T17:21:31-07:00,0,50
CV/index.html,9,html,5cc178da,Ryan Lindberg,2025-04-02,17:21:31,-07:00,2025-04-02T17:21:31-07:00,0,6
CV/index.html,10,html,329a9696,Ryan Lindberg,2025-04-28,21:55:18,-07:00,2025-04-28T21:55:18-07:00,0,0
CV/index.html,11,html,329a9696,Ryan Lindberg,2025-04-28,21:55:18,-07:00,2025-04-28T21:55:18-07:00,0,21
CV/index.html,12,html,5cc178da,Ryan Lindberg,2025-04-02,17:21:31,-07:00,2025-04-02T17:21:31-07:00,0,0
CV/index.html,13,html,09fe9206,Ryan Lindberg,2025-04-10,10:51:39,-07:00,2025-04-10T10:51:39-07:00,0,21
CV/index.html,14,html,28547b41,Ryan Lindberg,2025-04-02,17:51:04,-07:00,2025-04-02T17:51:04-07:00,0,0
CV/index.html,15,html,28547b41,Ryan Lindberg,2025-04-02,17:51:04,-07:00,2025-04-02T17:51:04-07:00,0,2
CV/index.html,16,html,28547b41,Ryan Lindberg,2025-04-02,17:51:04,-07:00,2025-04-02T17:51:04-07:00,0,26
CV/index.html,17,html,28547b41,Ryan Lindberg,2025-04-02,17:51:04,-07:00,2025-04-02T17:51:04-07:00,0,26
CV/index.html,18,html,28547b41,Ryan Lindberg,2025-04-02,17:51:04,-07:00,2025-04-02T17:51:04-07:00,0,63
CV/index.html,19,html,329a9696,Ryan Lindberg,2025-04-28,21:55:18,-07:00,2025-04-28T21:55:18-07:00,0,74
CV/index.html,20,html,329a9696,Ryan Lindberg,2025-04-28,21:55:18,-07:00,2025-04-28T21:55:18-07:00,0,76
CV/index.html,21,html,28547b41,Ryan Lindberg,2025-04-02,17:51:04,-07:00,2025-04-02T17:51:04-07:00,0,18
CV/index.html,22,html,d49c27f0,Ryan Lindberg,2025-04-10,11:10:57,-07:00,2025-04-10T11:10:57-07:00,0,5
CV/index.html,23,html,28547b41,Ryan Lindberg,2025-04-02,17:51:04,-07:00,2025-04-02T17:51:04-07:00,0,3
CV/index.html,24,html,28547b41,Ryan Lindberg,2025-04-02,17:51:04,-07:00,2025-04-02T17:51:04-07:00,0,0
CV/index.html,25,html,28547b41,Ryan Lindberg,2025-04-02,17:51:04,-07:00,2025-04-02T17:51:04-07:00,0,17
CV/index.html,26,html,28547b41,Ryan Lindberg,2025-04-02,17:51:04,-07:00,2025-04-02T17:51:04-07:00,0,3
CV/index.html,27,html,329a9696,Ryan Lindberg,2025-04-28,21:55:18,-07:00,2025-04-28T21:55:18-07:00,0,111
CV/index.html,28,html,329a9696,Ryan Lindberg,2025-04-28,21:55:18,-07:00,2025-04-28T21:55:18-07:00,0,8
CV/index.html,29,html,329a9696,Ryan Lindberg,2025-04-28,21:55:18,-07:00,2025-04-28T21:55:18-07:00,0,107
CV/index.html,30,html,329a9696,Ryan Lindberg,2025-04-28,21:55:18,-07:00,2025-04-28T21:55:18-07:00,0,14
CV/index.html,31,html,28547b41,Ryan Lindberg,2025-04-02,17:51:04,-07:00,2025-04-02T17:51:04-07:00,0,4
CV/index.html,32,html,28547b41,Ryan Lindberg,2025-04-02,17:51:04,-07:00,2025-04-02T17:51:04-07:00,0,0
CV/index.html,33,html,28547b41,Ryan Lindberg,2025-04-02,17:51:04,-07:00,2025-04-02T17:51:04-07:00,0,28
CV/index.html,34,html,28547b41,Ryan Lindberg,2025-04-02,17:51:04,-07:00,2025-04-02T17:51:04-07:00,0,3
CV/index.html,35,html,28547b41,Ryan Lindberg,2025-04-02,17:51:04,-07:00,2025-04-02T17:51:04-07:00,0,95
CV/index.html,36,html,329a9696,Ryan Lindberg,2025-04-28,21:55:18,-07:00,2025-04-28T21:55:18-07:00,0,99
CV/index.html,37,html,329a9696,Ryan Lindberg,2025-04-28,21:55:18,-07:00,2025-04-28T21:55:18-07:00,0,16
CV/index.html,38,html,28547b41,Ryan Lindberg,2025-04-02,17:51:04,-07:00,2025-04-02T17:51:04-07:00,0,69
CV/index.html,39,html,28547b41,Ryan Lindberg,2025-04-02,17:51:04,-07:00,2025-04-02T17:51:04-07:00,0,4
CV/index.html,40,html,28547b41,Ryan Lindberg,2025-04-02,17:51:04,-07:00,2025-04-02T17:51:04-07:00,0,0
CV/index.html,41,html,28547b41,Ryan Lindberg,2025-04-02,17:51:04,-07:00,2025-04-02T17:51:04-07:00,0,23
CV/index.html,42,html,28547b41,Ryan Lindberg,2025-04-02,17:51:04,-07:00,2025-04-02T17:51:04-07:00,0,3
CV/index.html,43,html,329a9696,Ryan Lindberg,2025-04-28,21:55:18,-07:00,2025-04-28T21:55:18-07:00,0,104
CV/index.html,44,html,329a9696,Ryan Lindberg,2025-04-28,21:55:18,-07:00,2025-04-28T21:55:18-07:00,0,59
CV/index.html,45,html,329a9696,Ryan Lindberg,2025-04-28,21:55:18,-07:00,2025-04-28T21:55:18-07:00,0,109
CV/index.html,46,html,329a9696,Ryan Lindberg,2025-04-28,21:55:18,-07:00,2025-04-28T21:55:18-07:00,0,102
CV/index.html,47,html,329a9696,Ryan Lindberg,2025-04-28,21:55:18,-07:00,2025-04-28T21:55:18-07:00,0,82
CV/index.html,48,html,329a9696,Ryan Lindberg,2025-04-28,21:55:18,-07:00,2025-04-28T21:55:18-07:00,0,110
CV/index.html,49,html,329a9696,Ryan Lindberg,2025-04-28,21:55:18,-07:00,2025-04-28T21:55:18-07:00,0,106
CV/index.html,50,html,329a9696,Ryan Lindberg,2025-04-28,21:55:18,-07:00,2025-04-28T21:55:18-07:00,0,19
CV/index.html,51,html,28547b41,Ryan Lindberg,2025-04-02,17:51:04,-07:00,2025-04-02T17:51:04-07:00,0,4
CV/index.html,52,html,28547b41,Ryan Lindberg,2025-04-02,17:51:04,-07:00,2025-04-02T17:51:04-07:00,0,0
CV/index.html,53,html,28547b41,Ryan Lindberg,2025-04-02,17:51:04,-07:00,2025-04-02T17:51:04-07:00,0,27
CV/index.html,54,html,28547b41,Ryan Lindberg,2025-04-02,17:51:04,-07:00,2025-04-02T17:51:04-07:00,0,3
CV/index.html,55,html,329a9696,Ryan Lindberg,2025-04-28,21:55:18,-07:00,2025-04-28T21:55:18-07:00,0,107
CV/index.html,56,html,329a9696,Ryan Lindberg,2025-04-28,21:55:18,-07:00,2025-04-28T21:55:18-07:00,0,99
CV/index.html,57,html,329a9696,Ryan Lindberg,2025-04-28,21:55:18,-07:00,2025-04-28T21:55:18-07:00,0,31
CV/index.html,58,html,329a9696,Ryan Lindberg,2025-04-28,21:55:18,-07:00,2025-04-28T21:55:18-07:00,0,109
CV/index.html,59,html,329a9696,Ryan Lindberg,2025-04-28,21:55:18,-07:00,2025-04-28T21:55:18-07:00,0,56
CV/index.html,60,html,329a9696,Ryan Lindberg,2025-04-28,21:55:18,-07:00,2025-04-28T21:55:18-07:00,0,102
CV/index.html,61,html,329a9696,Ryan Lindberg,2025-04-28,21:55:18,-07:00,2025-04-28T21:55:18-07:00,0,93
CV/index.html,62,html,28547b41,Ryan Lindberg,2025-04-02,17:51:04,-07:00,2025-04-02T17:51:04-07:00,0,4
CV/index.html,63,html,28547b41,Ryan Lindberg,2025-04-02,17:51:04,-07:00,2025-04-02T17:51:04-07:00,0,0
CV/index.html,64,html,28547b41,Ryan Lindberg,2025-04-02,17:51:04,-07:00,2025-04-02T17:51:04-07:00,0,14
CV/index.html,65,html,28547b41,Ryan Lindberg,2025-04-02,17:51:04,-07:00,2025-04-02T17:51:04-07:00,0,3
CV/index.html,66,html,28547b41,Ryan Lindberg,2025-04-02,17:51:04,-07:00,2025-04-02T17:51:04-07:00,0,95
CV/index.html,67,html,28547b41,Ryan Lindberg,2025-04-02,17:51:04,-07:00,2025-04-02T17:51:04-07:00,0,4
CV/index.html,68,html,28547b41,Ryan Lindberg,2025-04-02,17:51:04,-07:00,2025-04-02T17:51:04-07:00,0,0
CV/index.html,69,html,28547b41,Ryan Lindberg,2025-04-02,17:51:04,-07:00,2025-04-02T17:51:04-07:00,0,20
CV/index.html,70,html,28547b41,Ryan Lindberg,2025-04-02,17:51:04,-07:00,2025-04-02T17:51:04-07:00,0,3
CV/index.html,71,html,329a9696,Ryan Lindberg,2025-04-28,21:55:18,-07:00,2025-04-28T21:55:18-07:00,0,102
CV/index.html,72,html,329a9696,Ryan Lindberg,2025-04-28,21:55:18,-07:00,2025-04-28T21:55:18-07:00,0,103
CV/index.html,73,html,329a9696,Ryan Lindberg,2025-04-28,21:55:18,-07:00,2025-04-28T21:55:18-07:00,0,17
CV/index.html,74,html,28547b41,Ryan Lindberg,2025-04-02,17:51:04,-07:00,2025-04-02T17:51:04-07:00,0,4
CV/index.html,75,html,28547b41,Ryan Lindberg,2025-04-02,17:51:04,-07:00,2025-04-02T17:51:04-07:00,0,0
CV/index.html,76,html,28547b41,Ryan Lindberg,2025-04-02,17:51:04,-07:00,2025-04-02T17:51:04-07:00,0,18
CV/index.html,77,html,28547b41,Ryan Lindberg,2025-04-02,17:51:04,-07:00,2025-04-02T17:51:04-07:00,0,2
CV/index.html,78,html,28547b41,Ryan Lindberg,2025-04-02,17:51:04,-07:00,2025-04-02T17:51:04-07:00,0,37
CV/index.html,79,html,28547b41,Ryan Lindberg,2025-04-02,17:51:04,-07:00,2025-04-02T17:51:04-07:00,0,83
CV/index.html,80,html,28547b41,Ryan Lindberg,2025-04-02,17:51:04,-07:00,2025-04-02T17:51:04-07:00,0,35
CV/index.html,81,html,28547b41,Ryan Lindberg,2025-04-02,17:51:04,-07:00,2025-04-02T17:51:04-07:00,0,29
CV/index.html,82,html,28547b41,Ryan Lindberg,2025-04-02,17:51:04,-07:00,2025-04-02T17:51:04-07:00,0,18
CV/index.html,83,html,28547b41,Ryan Lindberg,2025-04-02,17:51:04,-07:00,2025-04-02T17:51:04-07:00,0,26
CV/index.html,84,html,28547b41,Ryan Lindberg,2025-04-02,17:51:04,-07:00,2025-04-02T17:51:04-07:00,0,11
CV/index.html,85,html,28547b41,Ryan Lindberg,2025-04-02,17:51:04,-07:00,2025-04-02T17:51:04-07:00,0,3
CV/index.html,86,html,60ac2922,Ryan Lindberg,2025-04-16,17:22:47,-07:00,2025-04-16T17:22:47-07:00,0,57
CV/index.html,87,html,5cc178da,Ryan Lindberg,2025-04-02,17:21:31,-07:00,2025-04-02T17:21:31-07:00,0,6
CV/index.html,88,html,329a9696,Ryan Lindberg,2025-04-28,21:55:18,-07:00,2025-04-28T21:55:18-07:00,0,0
CV/index.html,89,html,5cc178da,Ryan Lindberg,2025-04-02,17:21:31,-07:00,2025-04-02T17:21:31-07:00,0,6
